,MSCI World,MSCI EM,Gov Bond,Gold,WTI
2010-08-06,0.3625860772225872,0.24060143047862842,0.037722244844468546,0.22080422993145798,0.138286017522858
2010-08-13,0.3606316414145957,0.2358492696382772,0.03869433367898544,0.21866013641064938,0.14616461885749224
2010-08-20,0.363488673850584,0.23490242603949094,0.03683122603499996,0.21406927563292244,0.1507083984420027
2010-08-27,0.3498696949557714,0.21968060945665452,0.05071236629816656,0.21049162354496384,0.16924570574444373
2010-09-03,0.3592337873973118,0.22753998348454005,0.05226452456056808,0.1990801613073566,0.16188154325022358
2010-09-10,0.3614295005380176,0.2554208938577933,0.057926562239614586,0.21802021379070696,0.10720282957386759
2010-09-17,0.36066315367749296,0.22580160002989288,0.05964644142317107,0.1871028588346332,0.16678594603480984
2010-09-24,0.27914147862908323,0.26011168682262253,0.18860103013083612,0.24932853713814446,0.02281726727931371
2010-10-01,0.3649344727357471,0.2205721593560873,0.09565239038043212,0.13723236359416197,0.18160861393357147
2010-10-08,0.3608805454967233,0.24088421478092129,0.08829722674160422,0.17344769885788416,0.136490314122867
2010-10-15,0.3112754097105734,0.1792961500444332,0.06319481922631338,0.23024197152840753,0.21599164949027244
2010-10-22,0.3629082600008202,0.23198985565054872,0.044627911871974096,0.204318706070934,0.1561552664057229
2010-10-29,0.3664671605124399,0.23767057138229766,0.0323903308571046,0.2156859594954986,0.14778597775265925
2010-11-05,0.3816882777238665,0.25152101114289466,0.043112791524674544,0.18999362847159448,0.13368429113696984
2010-11-12,0.3304187689662799,0.1996526857434205,0.06276414854317562,0.21498146951115316,0.19218292723597075
2010-11-19,0.37030865775907235,0.22783388826501383,0.079940108525936,0.1502485762477993,0.1716687692021786
2010-11-26,0.37328537209326296,0.2326911861283567,0.07258632024065348,0.15696406388134804,0.1644730576563789
2010-12-03,0.38732201587417764,0.2541893351558477,0.043080630487703594,0.18196846854511609,0.1334395499371551
2010-12-10,0.3498719176359728,0.224042584250254,0.04765864193850723,0.21807703508038084,0.1603498210948851
2010-12-17,0.3301085176322708,0.20021739372384995,0.08485544555819001,0.1939177676271122,0.19090087545857706
2010-12-24,0.3714777704900342,0.22764549834033515,0.08216037345492856,0.14557273245038924,0.17314362526431276
2010-12-31,0.37403973012027364,0.2325281690436308,0.07557684514160107,0.1523354176356347,0.16551983805885986
2011-01-07,0.3781904784301471,0.23858080674788779,0.06604479361510181,0.16022677172133953,0.15695714948552378
2011-01-14,0.3785914931868172,0.24197073498759022,0.06332731350596223,0.16570163658133044,0.15040882173830009
2011-01-21,0.38415581361934953,0.251523061723447,0.049413393817608134,0.17891277977559833,0.135994951063997
2011-01-28,0.379686445687808,0.24360753623409448,0.057791281902225836,0.17086729126576486,0.1480474449101067
2011-02-04,0.391044177738527,0.2647433972016228,0.02942117716919831,0.1994980238134215,0.11529322407723025
2011-02-11,0.3892186028107082,0.2587816234428846,0.03640123736260712,0.18980494528140357,0.12579359110239646
2011-02-18,0.38674231141309096,0.2560439768943471,0.04054120591378856,0.1875583891732201,0.12911411660555322
2011-02-25,0.37108682510081303,0.24253968672625822,0.04382356073079482,0.20034155172349338,0.14220837571864053
2011-03-04,0.38034965617316907,0.2488030708987269,0.04992860919298747,0.1828882686654811,0.13803039506963544
2011-03-11,0.38248076906568995,0.25478558081389435,0.03376025283882255,0.20126785593931748,0.12770554134227574
2011-03-18,0.30663174084802547,0.17782676561175034,0.08376716808646663,0.2169245046619303,0.2148498207918272
2011-03-25,0.38462785267553135,0.25581470144611995,0.036011189414,0.19594315157218897,0.1276031048921598
2011-04-01,0.37360515674080985,0.22971114750726715,0.0776155725643618,0.14820143079402398,0.17086669239353725
2011-04-08,0.364225922344541,0.2098681671207246,0.10335569790605399,0.11975742090443435,0.20279279172424616
2011-04-15,0.36155724322956,0.2083819964990424,0.10794859715095632,0.11871961096023848,0.20339255216020294
2011-04-22,0.3576997918673099,0.20714268029630056,0.11403717923150387,0.1187142754196076,0.2024060731852779
2011-04-29,0.3604772750717562,0.21054087964367432,0.10808560182812449,0.12289023997137644,0.19800600348506855
2011-05-06,0.3741397745569929,0.22648589319080578,0.07925123655810713,0.14218945935998842,0.17793363633410578
2011-05-13,0.3782919859969864,0.23417840210379914,0.06850107080439415,0.15300188108175047,0.16602666001306993
2011-05-20,0.3895577386390785,0.2560918525746037,0.03872030030898192,0.18403451582453126,0.1315955926528048
2011-05-27,0.38493681101384836,0.24758053989084677,0.049488109558971295,0.17325698092048047,0.14473755861585322
2011-06-03,0.38837868532793957,0.25824971560156096,0.03771173438438149,0.1895478688220854,0.12611199586403252
2011-06-10,0.3875178591165194,0.25872853419416836,0.034706008151080166,0.1947231586348999,0.12432443990333217
2011-06-17,0.35795173909303535,0.2255714093292959,0.052634788898299624,0.1991318979674464,0.16471016471192274
2011-06-24,0.38469906375582047,0.2538573194749335,0.035498224487490945,0.19429692475494012,0.13164846752681497
2011-07-01,0.39077923681308974,0.2604021943740415,0.03335146760686785,0.1915560263915972,0.12391107481440375
2011-07-08,0.388987820023353,0.25689681365779543,0.038921198925609496,0.18575990699255987,0.1294342604006822
2011-07-15,0.38798232226420093,0.2609033160031657,0.030279555702311316,0.20053922847901093,0.12029557755131118
2011-07-22,0.3892030000161246,0.26598642646868254,0.027846416343490752,0.20590617616625245,0.11105798100544965
2011-07-29,0.3193622554672392,0.18347088699099584,0.06958016636625658,0.21260304169213667,0.21498364948337165
2011-08-05,0.28973177572609254,0.19760931582295146,0.12490186875790402,0.22843700551945495,0.15932003417359694
2011-08-12,0.2773126298854036,0.2594113833861493,0.1915533365213632,0.2491432084664491,0.022579441740634764
2011-08-19,0.28691016220253546,0.2484812114199785,0.1850852669164119,0.22591106944378647,0.05361229001728764
2011-08-26,0.2922165831704611,0.2423322152195797,0.18137987438326678,0.21308680618523576,0.0709845210414567
2011-09-02,0.3024282633037672,0.17183833435547743,0.09007997107327397,0.2124423766848976,0.2232110545825837
2011-09-09,0.3163976346245512,0.19740770871851457,0.14263266196807192,0.15916418431365933,0.18439781037520286
2011-09-16,0.3183995734141344,0.17862317911442574,0.1098228590734908,0.16891332365933034,0.22424106473861868
2011-09-23,0.34338619390700925,0.1839033066552901,0.14658331683880524,0.08937803540239538,0.2367491471965
2011-09-30,0.32305225017974626,0.20593938691462532,0.15905768916256785,0.1386763421164785,0.17327433162658207
2011-10-07,0.3070118224696409,0.2048708619457918,0.1465365533991007,0.1809831053890981,0.16059765679636867
2011-10-14,0.3769656972185422,0.2463096980171379,0.04750369339153468,0.18924795922294704,0.1399729521498382
2011-10-21,0.3088478496904616,0.19335257586141316,0.10990815089687081,0.20241676610933418,0.18547465744192015
2011-10-28,0.33390390192288255,0.21262864867030473,0.12299999185076387,0.1610668322046156,0.16940062535143333
2011-11-04,0.3393400140989413,0.18645955163565578,0.13026790610895767,0.11622260940720404,0.22770991874924132
2011-11-11,0.33530103811992124,0.20408542832396645,0.07095286986746564,0.20194801346275063,0.18771265022589606
2011-11-18,0.3414721766611149,0.20987268805338996,0.06324470133158329,0.20384811372696823,0.18156232022694363
2011-11-25,0.35878406316000994,0.21784887843654901,0.08084077210617754,0.16113929113761408,0.18138699515964934
2011-12-02,0.34212144592341154,0.18282689538697178,0.14439215487225598,0.09289911176278269,0.237760392054578
2011-12-09,0.32761801542782387,0.1781057023799985,0.12866748168360043,0.1316991366496957,0.23390966385888154
2011-12-16,0.3627773615520327,0.21139015102140707,0.10439212811921772,0.12307105446997585,0.19836930483736678
2011-12-23,0.34096648188783496,0.18849279189601725,0.1484407550131942,0.09690504844202934,0.2251949227609242
2011-12-30,0.347144193375426,0.18440173051242986,0.14194845646223156,0.08734373494492496,0.2391618847049876
2012-01-06,0.38802114376789515,0.2531972571162791,0.04281651540263458,0.17986491475079822,0.13610016896239305
2012-01-13,0.3696219959605278,0.2241840150415022,0.08601586081768652,0.14167174096986973,0.17850638721041362
2012-01-20,0.3444923235078366,0.18282068904557655,0.146172740984917,0.08654661096931894,0.23996763549235078
2012-01-27,0.34207933448619415,0.18635916184970286,0.14820079164915953,0.09280107471835788,0.2305596372965855
2012-02-03,0.3435664818840684,0.1922318994365333,0.14244203637068698,0.10182218551986141,0.21993739678885002
2012-02-10,0.3665059379169362,0.21943850722223737,0.09402862486931117,0.1346760338374581,0.18535089615405717
2012-02-17,0.35244593990934947,0.18919380534856023,0.1324582673224974,0.09167774841632875,0.23422423900326408
2012-02-24,0.34803305897698816,0.17953231913696888,0.14468654972471823,0.0778396152288538,0.249908456932471
2012-03-02,0.34805545351123324,0.17959805986570038,0.1446143364865764,0.07793736452664014,0.24979478560984983
2012-03-09,0.3479241368156265,0.17965306532462466,0.14475986174575367,0.07809995508201355,0.2495629810319816
2012-03-16,0.3474794351378952,0.180173556871331,0.1450434426081003,0.07920717899008484,0.24809638639258863
2012-03-23,0.3465905511137778,0.18115957727628798,0.1456438312132949,0.081330283954242,0.24527575644239735
2012-03-30,0.3443338959067639,0.18371260292922645,0.14702835638782993,0.08691250614323286,0.23801263863294686
2012-04-06,0.3862272569427116,0.2525000088734465,0.04606511594342008,0.17931726270684073,0.13589035553358103
2012-04-13,0.3879178773352899,0.25290621685861153,0.04218368254566396,0.18039920201423484,0.13659302124619982
2012-04-20,0.3422331759565961,0.1854191314249864,0.1476596637441591,0.0920775224864559,0.2326105063878024
2012-04-27,0.34535271958983965,0.18231574311437593,0.14616732494856324,0.08437706418375965,0.2417871481634615
2012-05-04,0.3446208917902583,0.1872189805987578,0.14112747685025367,0.09593227846544165,0.23110037229528854
2012-05-11,0.3396982214323782,0.1862215648464705,0.13921759835977718,0.10627679210499157,0.22858582325638252
2012-05-18,0.34495232948237764,0.18166291786963323,0.1322676403334035,0.09846607507604134,0.2426510372385444
2012-05-25,0.34874615433796596,0.18158284240191436,0.1422477347536742,0.08104820391457437,0.24637506459187108
2012-06-01,0.35382876995787976,0.18994543453319643,0.13017478252572515,0.09209931807788928,0.2339516949053094
2012-06-08,0.34822298469239826,0.1813703987371037,0.14326925141013966,0.08080446352334862,0.24633290163700983
2012-06-15,0.3438748924471451,0.1842269135098426,0.1474433468236292,0.08790848041811854,0.23654636680126462
2012-06-22,0.34376068175421426,0.18434262320396003,0.14750298816719395,0.08818752888498846,0.23620617798964333
2012-06-29,0.3651141014595748,0.21515675199979384,0.09877727298845065,0.1281357121756962,0.19281616137648455
2012-07-06,0.3485852775871122,0.1918122209879561,0.1359685685394822,0.09826761446499699,0.22536631842045243
2012-07-13,0.3444775357974029,0.18338117167966878,0.14684480753314222,0.08647842248080664,0.23881806250897936
2012-07-20,0.3457063988990218,0.18214887222968848,0.14621842045380193,0.08347366869528332,0.2424526397222046
2012-07-27,0.3456505707131538,0.18211715995905622,0.14614102281674915,0.08362599369057915,0.24246525282046166
2012-08-03,0.3775973285359568,0.24144764925530554,0.06486177726610987,0.16552440211101963,0.15056884283160832
2012-08-10,0.34571892937415966,0.18862671305172665,0.14213405352928468,0.09426707069945443,0.22925323334537454
2012-08-17,0.3194831939704423,0.21177657220112076,0.16360543190403165,0.14699314970630686,0.15814165221809842
2012-08-24,0.3451219065492626,0.1828823129255013,0.14657669646656066,0.08499455585821204,0.2404245282004633
2012-08-31,0.3444012842642782,0.18363104349461692,0.14709289086269536,0.08663369096647491,0.2382410904119346
2012-09-07,0.3384314817302388,0.19037125546946704,0.15104557592431872,0.10109488661014447,0.21905680026583108
2012-09-14,0.32795108021141056,0.20219325429174598,0.1579678014653878,0.12648832837876395,0.18539953565269168
2012-09-21,0.3468628203812057,0.18087335321825512,0.14544999536476544,0.08070632206988951,0.24610750896588413
2012-09-28,0.34407973574652895,0.18399563161952875,0.14730771550507643,0.08741226828215815,0.23720464884670764
2012-10-05,0.3446423809242794,0.18336010486271162,0.1469348581976934,0.08604936529976301,0.2390132907155527
2012-10-12,0.3517011937009815,0.19181628173935325,0.1319199930321988,0.09636438414870534,0.22819814737876104
2012-10-19,0.3424203052999166,0.18573142510913138,0.14488828508933763,0.09483192466767594,0.23212805983393836
2012-10-26,0.3464592411116464,0.18621419669838615,0.14264367431021133,0.08983512106072876,0.23484776681902747
2012-11-02,0.33442262845477294,0.18313391256636438,0.12785586452324874,0.12465279103617649,0.22993480341943753
2012-11-09,0.3278978528360227,0.1789626502329938,0.1298192830601696,0.13088893534896714,0.23243127852184686
2012-11-16,0.34521875613208797,0.18358714525501538,0.145543481706681,0.08657845158558865,0.239072165320627
2012-11-23,0.3559443590420943,0.19827280763377306,0.12134661160235193,0.10554482679234826,0.21889139492943235
2012-11-30,0.3439199384412881,0.1832191359072708,0.14625872730169423,0.0879716847811366,0.23863051356861034
2012-12-07,0.34632049111715957,0.18060581598493228,0.1446869845565781,0.08223921753052198,0.24614749081080803
2012-12-14,0.3527704069956244,0.19373200003458843,0.1285326488900488,0.0997046193883123,0.225260324691426
2012-12-21,0.36332107310068507,0.21994144020355408,0.09107098724071237,0.14429109024220635,0.1813754092128422
2012-12-28,0.3496941354665928,0.1884544267753244,0.13209149236576914,0.09656650467373226,0.23319344071858136
2013-01-04,0.35073482016154534,0.1845555414184428,0.1377444234723553,0.08484037126690161,0.24212484368075501
2013-01-11,0.3485848995009635,0.18072889002803086,0.1431718725773514,0.07954348101116329,0.247970856882491
2013-01-18,0.3486857705657422,0.18129996692944356,0.14265440897349377,0.0804618938109503,0.2468979597203702
2013-01-25,0.37508196078731415,0.23024815013268277,0.07555643522054574,0.14799448014126249,0.17111897371819487
2013-02-01,0.3793349336452293,0.23857827669551832,0.06451093430909371,0.15957073381339998,0.15800512153675886
2013-02-08,0.3834054139572618,0.24845431211698107,0.049775821918892654,0.17681266378602045,0.14155178822084402
2013-02-15,0.38342516921876846,0.24834053155656605,0.05040120485649813,0.1760272499060428,0.14180584446212452
2013-02-22,0.38037237777891975,0.248938527244336,0.04136523730928986,0.19160741144123083,0.1377164462262235
2013-03-01,0.36104875860562985,0.22491589137406318,0.0574369130576531,0.18767037421526248,0.16892806274739142
2013-03-08,0.34952554356211474,0.19683974801592052,0.12204909619369692,0.11568129535060111,0.21590431687766673
2013-03-15,0.3385472823889238,0.1829043358378066,0.14211572161842528,0.10213548344616137,0.2342971767086829
2013-03-22,0.32444575398018916,0.18001767443315145,0.1287551659302221,0.13968203284354005,0.2270993728128973
2013-03-29,0.3535389452103583,0.21643759559373227,0.07308851206030542,0.17755745497082312,0.17937749216478108
2013-04-05,0.3788930605531054,0.2519015392298567,0.03940758522462221,0.19948642368233904,0.13031139131007663
2013-04-12,0.38232467782191093,0.248713470929447,0.04836975378089573,0.18057220693005388,0.1400198905376924
2013-04-19,0.35222358135688997,0.1990286039879979,0.11165926226103808,0.12322704669957414,0.21386150569449974
2013-04-26,0.34213296611790367,0.18058962186715788,0.14173871080906444,0.0932330959227047,0.24230560528316927
2013-05-03,0.3381216850528276,0.19524293141275856,0.1145155584657036,0.143514816882725,0.20860500818598524
2013-05-10,0.3790260930638361,0.24023652962114395,0.0635621223678944,0.16283558977689994,0.15433966517022568
2013-05-17,0.36032726567688816,0.21547215358980423,0.10493476883452811,0.13145503813610857,0.18781077376267097
2013-05-24,0.2818871597048789,0.2367937526478409,0.16746281611471817,0.2412047851877925,0.07265148634476948
2013-05-31,0.3109527917064485,0.17624116430846085,0.10231900439217279,0.1883048246328975,0.22218221496002039
2013-06-07,0.3341581694828199,0.20349839550282306,0.05114459327582091,0.22348046579652728,0.1877183759420088
2013-06-14,0.31188664559531193,0.17900624219466413,0.06109847670263715,0.23087888395658915,0.21712975155079756
2013-06-21,0.294497231957236,0.16396429915200406,0.07603859387104561,0.23366208821095777,0.2318377868087565
2013-06-28,0.290603875816089,0.1598740991807818,0.08064593385009466,0.23226639394462884,0.23660969720840583
2013-07-05,0.3710477561621587,0.2397725743850088,0.0446576247755375,0.19671266376395413,0.1478093809133409
2013-07-12,0.35434217265860013,0.2176994257704719,0.07771414262853794,0.17266332895052844,0.17758092999186162
2013-07-19,0.3781613234026122,0.24858556337527088,0.038985838467160916,0.1978841728539691,0.13638310190098685
2013-07-26,0.3900412328499742,0.26471122366053496,0.02503068206966173,0.20581168945223693,0.11440517196759206
2013-08-02,0.3855315401471192,0.2620023440233289,0.025272411336464497,0.21142516862813107,0.11576853586495638
2013-08-09,0.31449091144116204,0.19088503505451437,0.1085793321736733,0.19036346749577016,0.19568125383488008
2013-08-16,0.3869850777266886,0.2602058219486353,0.02548973079404975,0.2065554002098728,0.1207639693207536
2013-08-23,0.36673742757986966,0.23884094921141646,0.03912418152152732,0.20959791094871036,0.14569953073847616
2013-08-30,0.35104199858343355,0.22196778495549585,0.04369740295773063,0.217671051866419,0.165621761636921
2013-09-06,0.35967175199964396,0.2287758384500241,0.04962211841026099,0.2021789079233917,0.15975138321667914
2013-09-13,0.38207582582938515,0.25379169820493674,0.03509358560184998,0.1996742692492581,0.1293646211145701
2013-09-20,0.3812816265395192,0.2557459867652681,0.03545369522330877,0.2028596778110049,0.124659013660899
2013-09-27,0.3824422716441453,0.25772018148828013,0.037981428223822104,0.20012887613853925,0.12172724250521323
2013-10-04,0.34619577117730965,0.2226466387157704,0.05544648731275527,0.21585038055862887,0.15986072223553585
2013-10-11,0.3275890649858869,0.20144759186704084,0.07001533589424952,0.21497230007121965,0.18597570718160308
2013-10-18,0.36469471178880514,0.23664129000555137,0.03952586670944331,0.21083965903272373,0.14829847246347658
2013-10-25,0.38893895875735934,0.2617311435567838,0.029950129254078837,0.19989058768978735,0.11948918074199073
2013-11-01,0.3886435078144033,0.2595898070662032,0.030390584874579636,0.1977981079831116,0.12357799226170228
2013-11-08,0.3911357031305061,0.26232994903240187,0.027144602891732972,0.19911653689445996,0.12027320805089924
2013-11-15,0.38938162988881575,0.2580465575586065,0.03740792494407096,0.1877173837263572,0.12744650388214954
2013-11-22,0.38543812939886307,0.2532413245743059,0.04214595130593644,0.1855463079821492,0.13362828673874527
2013-11-29,0.3843330694152594,0.24966067794604876,0.04872649565510587,0.1773363613102898,0.13994339567329614
2013-12-06,0.3750196846426827,0.23617155052939653,0.06739149405577584,0.1624664597187534,0.15895081105339154
2013-12-13,0.3711813447952612,0.2380295140372288,0.057913791282367046,0.18130415081082119,0.15157119907432173
2013-12-20,0.3683298121476478,0.23666005057609393,0.05095628302288481,0.1923685633086357,0.1516852909447377
2013-12-27,0.3859321843390761,0.25468049261248304,0.04020498044252939,0.18804148886848152,0.13114085373742984
2014-01-03,0.37934189147258923,0.2517933025775573,0.0345921253121828,0.2033611828672376,0.13091149777043312
2014-01-10,0.3867122645682065,0.2586837461774422,0.029300434998452876,0.20166685970867776,0.1236366945472205
2014-01-17,0.39067497713284016,0.26227690804070414,0.026082475173285505,0.20101591467524627,0.11994972497792389
2014-01-24,0.3727408308453904,0.24183829342005256,0.0355964630090973,0.2047230983406888,0.14510131438477095
2014-01-31,0.3216584187886727,0.1853446335665058,0.06982001702686112,0.209891251581063,0.21328567903689735
2014-02-07,0.3175463831038651,0.18632538498757384,0.06484394119000944,0.22381386130056793,0.20747042941798358
2014-02-14,0.3757267000427458,0.24905353568385064,0.03172878155255876,0.21035137660929687,0.1331396061115479
2014-02-21,0.37237717428871664,0.24479762561373508,0.03579200428582903,0.20828763816199308,0.13874555764972626
2014-02-28,0.3819781176130652,0.25714250781084774,0.032518263837600085,0.20592328195764653,0.12243782878084042
2014-03-07,0.3773096468089702,0.2501153813550115,0.0405083196718719,0.1995702102088489,0.13249644195529744
2014-03-14,0.35093630779002666,0.22264326294480524,0.06104420993749004,0.20110644257452778,0.1642697767531504
2014-03-21,0.3765146958078134,0.24847170079979966,0.03306179038806724,0.20689361015678226,0.1350582028475375
2014-03-28,0.3790542088579838,0.2503835391376694,0.03400636987397702,0.20304430181422142,0.13351158031614838
2014-04-04,0.3900321980580941,0.26189683269679576,0.025714783331221652,0.2022271860708867,0.12012899984300172
2014-04-11,0.36136651903458,0.23328029871195202,0.04548326233316915,0.20775396491855366,0.15211595500174518
2014-04-18,0.37905128042935643,0.2524247190460297,0.03377986783854439,0.2053907083945875,0.129353424291482
2014-04-25,0.33507735637226405,0.20387979928136643,0.08992548594193893,0.1830609659888697,0.18805639241556082
2014-05-02,0.38566154546949655,0.2580129488547386,0.033206967677580065,0.1990568793030874,0.12406165869509743
2014-05-09,0.3898721499892182,0.26137928324409737,0.029379040329066342,0.19830927489993838,0.12106025153767969
2014-05-16,0.39239026523669485,0.2628158173294658,0.031031592999706883,0.193296230763822,0.12046609367031055
2014-05-23,0.38584513205924653,0.2558182731262519,0.036478447284736634,0.19313862116432062,0.12871952636544434
2014-05-30,0.39069739652941243,0.2596337113612443,0.03360785363237187,0.19065962388524255,0.1254014145917288
2014-06-06,0.39157954359956637,0.2622863977317691,0.030059195889794346,0.1952843372835006,0.12079052549536953
2014-06-13,0.39090538382715073,0.26236395351110225,0.029442954152656436,0.19727981154810903,0.12000789696098144
2014-06-20,0.39060140343457617,0.26268458309548315,0.028768873942774706,0.19887420118823765,0.11907093833892816
2014-06-27,0.3875043662730586,0.258898688144188,0.03496245397683725,0.19466696948141707,0.12396752212449916
2014-07-04,0.38870577090317115,0.25914902355439373,0.03730654322597699,0.19025853073905732,0.1245801315774008
2014-07-11,0.3870369615142365,0.2566552836434449,0.038260253773523226,0.18992197691780335,0.128125524150992
2014-07-18,0.3840590536408615,0.25308963339974916,0.04058606626190135,0.18960843285561596,0.13265681384187197
2014-07-25,0.38613357937751547,0.2539749205998902,0.03977836376206331,0.1873539840977321,0.13275915216279896
2014-08-01,0.36206485878327355,0.2285384506962008,0.054741633761495795,0.19218242033183072,0.16247263642719925
2014-08-08,0.3678232056351576,0.23497259449639035,0.049330203098258744,0.19323220954441175,0.15464178722578154
2014-08-15,0.3842294100155765,0.2501633497182014,0.04726237266720906,0.17952996885051953,0.13881489874849348
2014-08-22,0.37889350636008284,0.2422731136563477,0.05780415300139109,0.17099595267018117,0.1500332743119971
2014-08-29,0.3855041806331934,0.2512889124957973,0.04653032667210756,0.17898393618877326,0.1376926440101284
2014-09-05,0.3890699807121797,0.25772666816614204,0.03760729248345788,0.18778404812493693,0.12781201051328336
2014-09-12,0.38313056048112865,0.24908053426517696,0.047217965689830485,0.18056421819395616,0.14000672136990783
2014-09-19,0.3821978862150303,0.24735606623986692,0.05126060165943849,0.1764998954812529,0.1426855504044114
2014-09-26,0.3768924870681187,0.24129887969066457,0.05511771226982099,0.17653547129633637,0.15015544967505937
2014-10-03,0.37655309474743615,0.2415291774422029,0.055870069796448436,0.1766680711260522,0.14937958688786046
2014-10-10,0.3700178761330462,0.23969057294987442,0.04206346926380853,0.20121772448550992,0.14701035716776095
2014-10-17,0.3130276953664781,0.17777284638764979,0.09158607698475671,0.19671254189742407,0.22090083936369134
2014-10-24,0.3761817638111805,0.24613711466476942,0.039866794116978015,0.19826453939230818,0.1395497880147639
2014-10-31,0.3864628030933113,0.2552491307610764,0.04050714468912584,0.1873067688841554,0.13047415257233108
2014-11-07,0.3728356272183042,0.2273496297186231,0.07944591177771637,0.14539201069544389,0.17497682058991262
2014-11-14,0.3603250551644231,0.20287068207465855,0.1129497818553174,0.11034575801611957,0.21350872288948142
2014-11-21,0.3587845558348866,0.20030333750945184,0.11650076844056603,0.10707137294305887,0.21733996527203658
2014-11-28,0.3811571775030851,0.24286501101227842,0.05919341709082507,0.16586242995412082,0.15092196443969058
2014-12-05,0.3783416020149972,0.23739226340692396,0.06594687830153263,0.1588049400709187,0.15951431620562745
2014-12-12,0.3673193467763006,0.23510585123374395,0.05647404774827218,0.18714454421072238,0.1539562100309608
2014-12-19,0.38356337188679795,0.253127199418738,0.03626946048179091,0.1949457023280025,0.13209426588467066
2014-12-26,0.3902935396028088,0.2607108192536007,0.031079796601255344,0.19509560671193088,0.12282023783040426
2015-01-02,0.3787519368464558,0.24392189519261204,0.04468576828346685,0.18618347536406227,0.14645692431340301
2015-01-09,0.38199778334093004,0.245651556672399,0.04591894834190046,0.18049852316102152,0.14593318848374892
2015-01-16,0.39460942322609077,0.2699670691865573,0.01594992745480754,0.21162222848294135,0.10785135164960291
2015-01-23,0.3997363711514803,0.27204844613320817,0.015141521494292768,0.20474443444454637,0.10832922677647244
2015-01-30,0.3861969808940395,0.2498597260253765,0.04356729352469419,0.17915768431687712,0.14121831523901282
2015-02-06,0.37249045042724804,0.2305886644167871,0.06520094320198846,0.1637509108597216,0.1679690310942548
2015-02-13,0.3890736815089811,0.2579932567351088,0.03394117292985026,0.19174433773942123,0.12724755108663865
2015-02-20,0.3912099227143474,0.26381967662511696,0.03097149370187338,0.19666258903277611,0.11733631792588606
2015-02-27,0.38767796496221646,0.25679529063984224,0.040582283120819206,0.1864977848853858,0.12844667639173635
2015-03-06,0.35377041739581255,0.2680694452403636,0.08050744001349945,0.22308403095830356,0.07456866639202095
2015-03-13,0.38824038106506065,0.25358057764804876,0.039940885486584525,0.18273614287005113,0.13550201293025493
2015-03-20,0.3940273368549467,0.2643434561830593,0.025081989028007283,0.19772420975415816,0.1188230081798286
2015-03-27,0.3909031501365459,0.2596304741347179,0.03147924652690837,0.19240445454485838,0.12558267465696946
2015-04-03,0.39066832341610697,0.26266965423821637,0.03044592831053611,0.1970415830682212,0.11917451096691942
2015-04-10,0.3893425301586064,0.2598004713242043,0.0370454563753337,0.18997282885562178,0.1238387132862338
2015-04-17,0.39168295731369146,0.2635621342618268,0.031397986668195405,0.19505813430279356,0.11829878745349284
2015-04-24,0.39043390386819354,0.26277897123608346,0.033668372693707996,0.19436020210008928,0.1187585501019257
2015-05-01,0.38989688980734416,0.2610076367406694,0.03516889243994125,0.19204721128589855,0.12187936972614656
2015-05-08,0.37846979730857955,0.25228944536433207,0.05693900096093309,0.18304816516327738,0.12925359120287794
2015-05-15,0.38670398749434104,0.25860825651581826,0.04177066733602007,0.18904817426580608,0.12386891438801448
2015-05-22,0.3865917964131534,0.25492703319065574,0.042632909752987835,0.18458519470101678,0.1312630659421863
2015-05-29,0.3847356928708182,0.2532605914174856,0.04263109931452223,0.1864267507015045,0.13294586569566938
2015-06-05,0.376199672629257,0.23769634292425773,0.06423413243843848,0.16495775762592665,0.15691209438212006
2015-06-12,0.38047569468119424,0.2474734084935501,0.04746106667169218,0.18375455702127144,0.14083527313229197
2015-06-19,0.38495849477309435,0.2567746739183124,0.04279087221868334,0.18947522688298263,0.12600073220692737
2015-06-26,0.3890192805729303,0.2631090789962277,0.031289777155156503,0.19981364932872345,0.116768213946962
2015-07-03,0.31150927297608566,0.17999527798370613,0.07087915724222182,0.2227790112903728,0.2148372805076136
2015-07-10,0.30705906711980635,0.17227188926246026,0.09065021603107566,0.20342365506007293,0.22659517252658484
2015-07-17,0.38754426654364577,0.2533614854601714,0.0400986601662109,0.18368736854597942,0.13530821928399242
2015-07-24,0.3868979338875562,0.2535584108001914,0.03958881809766937,0.18564581957980258,0.13430901763478043
2015-07-31,0.3881867839771432,0.2576038522889917,0.03591142115035253,0.19106066979947736,0.12723727278403515
2015-08-07,0.38298120760802395,0.251987535094383,0.04213356110179592,0.1889794796137182,0.13391821658207892
2015-08-14,0.376555513569324,0.25161483196277146,0.05378037887421622,0.18920667825544205,0.12884259733824627
2015-08-21,0.3090090487345782,0.21050654218276546,0.13039893389092416,0.19922988291717159,0.1508555922745607
2015-08-28,0.278360863730638,0.25822722974037865,0.19085852099718137,0.2466040809708252,0.025949304560976872
2015-09-04,0.29597606146674577,0.1742806353692401,0.10187048220518351,0.21548945395212127,0.21238336700670932
2015-09-11,0.29720460947438987,0.17577073662019976,0.10350047300100511,0.21303113721006003,0.21049304369434524
2015-09-18,0.29589552364710825,0.17351680676863218,0.08170831243100642,0.23515508828136295,0.21372426887189017
2015-09-25,0.3342506097234333,0.20245844635805793,0.06831042098953877,0.20494203819465817,0.19003848473431176
2015-10-02,0.3022293779642215,0.18186732100645053,0.1002916716369861,0.21292248914500772,0.20268914024733403
2015-10-09,0.379513157492394,0.25311403433323987,0.0391498314271156,0.19981007473140633,0.12841290201584427
2015-10-16,0.38519363976062926,0.2545501171777403,0.044640287138665566,0.18485892078894964,0.1307570351340152
2015-10-23,0.3926173933720239,0.26504792107563985,0.028714643314008866,0.1975033374150066,0.11611670482332082
2015-10-30,0.3928781444796572,0.2653757831045618,0.02612795904122874,0.19994649445749632,0.11567161891705596
2015-11-06,0.3640963751467204,0.2218279355791515,0.08681967682582908,0.14903546320104252,0.17822054924725655
2015-11-13,0.3788140224692534,0.24190177655421138,0.05354691568728115,0.17505091753360028,0.15068636775565383
2015-11-20,0.3820925023679832,0.24973556511263145,0.04517227629802978,0.18529558880722763,0.13770406741412805
2015-11-27,0.38267977503366085,0.24545749988916143,0.054121928825000006,0.17072823402323414,0.14701256222894343
2015-12-04,0.38926717971687486,0.26095357469426406,0.03367983709039414,0.19469993900098645,0.12139946949748051
2015-12-11,0.36233798118280136,0.23613696995678496,0.05259040107919239,0.201688819836516,0.1472458279447054
2015-12-18,0.34725488355055717,0.2216333375659548,0.07421760985535397,0.19386668448936734,0.16302748453876675
2015-12-25,0.3811147491406344,0.2600602434793856,0.04571229112306221,0.19731609351202664,0.11579662274489107
2016-01-01,0.37722784531232445,0.24362671433066116,0.04325288233332469,0.19024770203959393,0.1456448559840958
2016-01-08,0.32333816345570493,0.18696937899172944,0.1363685983239269,0.14133838277657504,0.2119854764520637
2016-01-15,0.3432678202311998,0.18447729695970952,0.1464025879019018,0.09038145223132732,0.23547084267586163
2016-01-22,0.3440543278393303,0.19480135904644438,0.1404500392088833,0.10555057313291706,0.21514370077242503
2016-01-29,0.3640009667728236,0.2263026881843696,0.09243752171315794,0.14819358104842978,0.16906524228121897
2016-02-05,0.35790339603205645,0.2256584571439622,0.10207034569110601,0.14953750515273848,0.16483029598013674
2016-02-12,0.30988339482254584,0.2257228748057081,0.16801786268462598,0.17542132601527194,0.12095454167184815
2016-02-19,0.34887566612540744,0.19812157546787523,0.1318332710121526,0.10840429221234246,0.2127651951822224
2016-02-26,0.3615216819542551,0.20636593710997062,0.10927562229287201,0.11536499165185345,0.20747176699104894
2016-03-04,0.3814939049785207,0.2459466579590468,0.05693436219910664,0.17068007628317494,0.14494499858015106
2016-03-11,0.381840820106999,0.2552682026056685,0.05056863605206317,0.1860718004233533,0.12625054081191608
2016-03-18,0.3852903224536594,0.26180814260055374,0.03775953180495338,0.19911395983039173,0.1160280433104418
2016-03-25,0.3840620154671378,0.2607441669696793,0.035072598216476444,0.20307712325662536,0.11704409609008108
2016-04-01,0.3804658988633335,0.25898503666201683,0.03914320044275157,0.20406380407560842,0.11734205995628964
2016-04-08,0.3567073028620005,0.22232965730436832,0.055571578307833394,0.19520933578087205,0.1701821257449258
2016-04-15,0.32482943503747885,0.19406131722920048,0.056824538850047755,0.22590892480594923,0.19837578407732362
2016-04-22,0.36163456643021996,0.23899410150122127,0.034264965086757686,0.22444909315135317,0.1406572738304478
2016-04-29,0.37680045072255874,0.2522843840757695,0.02386693399720646,0.2195495559897262,0.1274986752147392
2016-05-06,0.3909337518742209,0.2638588846786657,0.02871332442938199,0.19950732806085722,0.11698671095687412
2016-05-13,0.3878927230729607,0.2607248810111766,0.026883413316293077,0.20394623375472087,0.12055274884484878
2016-05-20,0.2939903191615765,0.16035334785838126,0.08252912589430351,0.22436269042256005,0.2387645166631788
2016-05-27,0.34422502699251,0.214408434374067,0.05284425530871572,0.21372842411040582,0.17479385921430143
2016-06-03,0.3741417005999276,0.24707813840637638,0.030994702089049284,0.21208983596319653,0.1356956229414502
2016-06-10,0.38770634126009873,0.2547721612637257,0.04276100429477224,0.18215547384706354,0.13260501933433988
2016-06-17,0.34903641789983514,0.18601707361800787,0.1392284905945465,0.08812051396529647,0.23759750392231396
2016-06-24,0.34784217793516065,0.1797458231597017,0.14481439797372495,0.07829844934893702,0.24929915158247573
2016-07-01,0.3481733495876764,0.18033797757440803,0.1439869712075391,0.07910850088966906,0.24839320074070745
2016-07-08,0.3484410606042896,0.18025816017035395,0.143549349481551,0.0789524045969005,0.24879902514690494
2016-07-15,0.37401792372730785,0.2425156241285154,0.04086854485704011,0.1976630274213736,0.14493487986576306
2016-07-22,0.3702153412002356,0.24354176100206698,0.03542500983935962,0.2115090110737696,0.13930887688456817
2016-07-29,0.3585608639550317,0.2321617320755894,0.033889662355469204,0.22365810458643237,0.1517296370274774
2016-08-05,0.28228682563367663,0.18873123220655638,0.10974164194613788,0.24881056515293504,0.17042973506069412
2016-08-12,0.31880440957887207,0.19060868666309438,0.05670308390761649,0.23402842201071558,0.19985539783970133
2016-08-19,0.3365164608985056,0.20907083351687525,0.04694000102926615,0.22895284585439685,0.17851985870095624
2016-08-26,0.31232651376807374,0.18296611499748483,0.0662518027418228,0.22894382961198398,0.2095117388806346
2016-09-02,0.3045113439866374,0.17716988411044685,0.07493041956104157,0.22921458601803493,0.21417376632383936
2016-09-09,0.3458908239592455,0.22237822187972586,0.046106856380997804,0.22556239742835213,0.16006170035167877
2016-09-16,0.34706786832043474,0.21708874881664908,0.049721659271151415,0.21418728742233906,0.17193443616942583
2016-09-23,0.3604617190855688,0.23395332856655512,0.032208662905527805,0.22355458980847714,0.1498216996338711
2016-09-30,0.34758984857673497,0.21922754902184874,0.039357606445307634,0.22583430554181233,0.16799069041429623
2016-10-07,0.35949519661643875,0.2337926737904906,0.04178060300998783,0.21560635831943945,0.1493251682636433
2016-10-14,0.2921542537488107,0.16452397672371666,0.08736643275883521,0.2273348265394104,0.22862051022922703
2016-10-21,0.37700487852606607,0.24881552073456584,0.043445650292212465,0.19585245287271683,0.13488149757443874
2016-10-28,0.37249636012741777,0.24646773601089067,0.06235481732099313,0.18304093046489842,0.13564015607580002
2016-11-04,0.28220058179440005,0.2354220140158345,0.16602694986958358,0.240628850818899,0.07572160350128289
2016-11-11,0.31063449031118223,0.1919899972745652,0.13344862757260087,0.1738720341079463,0.19005485073370554
2016-11-18,0.3537509742862902,0.20765189423916228,0.09277658544512588,0.1482324699514234,0.19758807607799825
2016-11-25,0.3427139325135505,0.19437169018570408,0.10369997800111827,0.14468415950100227,0.2145302397986249
2016-12-02,0.3451416188295036,0.1838575723522242,0.13175807514454088,0.10088720803324065,0.2383555256404906
2016-12-09,0.30771436341337494,0.1677632442825144,0.0847027855228375,0.2034870777275784,0.23633252905369478
2016-12-16,0.34554490307640573,0.22142253166771342,0.10794925857146452,0.16296758912516793,0.16211571755924842
2016-12-23,0.36866462217835305,0.24786231361706457,0.04219992673323033,0.21213732238920988,0.12913581508214228
2016-12-30,0.3738646647630521,0.2524971900819955,0.03663003070761474,0.21255655065047557,0.12445156379686213
2017-01-06,0.38010346529413713,0.2603694033448848,0.028563087406686314,0.21684598617956632,0.11411805777472553
2017-01-13,0.3627601364496228,0.24204038159562624,0.033967318394417356,0.22574022241912625,0.1354919411412074
2017-01-20,0.3687642716183103,0.249851548207808,0.03192315428749642,0.2243527197962494,0.1251083060901359
2017-01-27,0.3759209995520314,0.2580813654330272,0.02945989856940093,0.221607017979753,0.11493071846578751
2017-02-03,0.3698618232901684,0.24873982674576417,0.02893335568594888,0.2241046994810014,0.1283602947971171
2017-02-10,0.3790086005354583,0.2587211860961739,0.0268394962150293,0.2189781595120178,0.11645255764132074
2017-02-17,0.38761096989114907,0.27156095674619934,0.02958458787767426,0.21298331537693407,0.09826017010804317
2017-02-24,0.39281992540244,0.272696397701686,0.023219468348452784,0.21056407202937097,0.10070013651805013
2017-03-03,0.38701870034485164,0.2691047608486986,0.03076329969899287,0.21039161048097532,0.10272162862648163
2017-03-10,0.37914580415199334,0.2662355983076309,0.036102289960840556,0.21716559330230092,0.10135071427723429
2017-03-17,0.277038395879709,0.25873687365996634,0.19054726991026347,0.24998473814916283,0.023692722400898168
2017-03-24,0.36629048930740854,0.272191506614413,0.060676108752369895,0.22327466537128654,0.07756722995452213
2017-03-31,0.3778235663397096,0.2682410399048271,0.037819647104346515,0.22005139466335394,0.09606435198776277
2017-04-07,0.3764619654034492,0.25068534725342834,0.025057969462699746,0.21734525814160227,0.13044945973882036
2017-04-14,0.36954577179392484,0.2398492520822532,0.037356719390447116,0.20702791341982962,0.1462203433135454
2017-04-21,0.36678727012804363,0.22628935864833874,0.08948560931820727,0.1458011148589987,0.1716366470464116
2017-04-28,0.37333791017300144,0.25002195719638237,0.02790875101617214,0.21978775827008007,0.12894362334436393
2017-05-05,0.38900542267621263,0.2654817430119786,0.02360099243511589,0.2100380203666701,0.11187382151002286
2017-05-12,0.39132898023958296,0.2645041119431215,0.02582010460545636,0.20232936897398435,0.1160174342378548
2017-05-19,0.3898374878127833,0.2664816084674813,0.026364116695198017,0.20669275002607507,0.11062403699846236
2017-05-26,0.3761365966791285,0.2528387748316187,0.025136240693754117,0.22012020024835857,0.12576818754714003
2017-06-02,0.36035468063149856,0.23579110701204956,0.03244678653462528,0.22542256804313937,0.14598485777868725
2017-06-09,0.3611919629224155,0.2379235071181797,0.032973516100420645,0.22549135971441145,0.14241965414457278
2017-06-16,0.36338474538518944,0.2366639556403253,0.031466187432298925,0.22149426021671853,0.1469908513254679
2017-06-23,0.3481481087210844,0.22093980571694286,0.04490481406970366,0.22094889359636027,0.1650583778959087
2017-06-30,0.3725966011374221,0.24408898628653572,0.042238773285926144,0.20064142395038068,0.14043421533973538
2017-07-07,0.366662377078831,0.23387819034266097,0.05158859527874536,0.19205477272729915,0.1558160645724635
2017-07-14,0.3627989972758008,0.23917659941404965,0.03987952192266479,0.21674836809717052,0.14139651329031436
2017-07-21,0.372923750636853,0.2521539961780886,0.033568213014518414,0.21709130494800283,0.1242627352225371
2017-07-28,0.36480946169644485,0.2411099813375394,0.03397487170165107,0.2208339584613889,0.13927172680297573
2017-08-04,0.34023887496544025,0.21628826730559586,0.045829063032367515,0.23039308355047391,0.16725071114612244
2017-08-11,0.36148123320173886,0.2415295233448053,0.03783719633931375,0.2237709134461092,0.13538113366803287
2017-08-18,0.35493381589005774,0.2279087954984003,0.0388353905283464,0.22124180824212417,0.15708018984107144
2017-08-25,0.3609548206101864,0.23568784203240606,0.034444517736266174,0.22215159532079495,0.1467612243003465
2017-09-01,0.2977427436081458,0.17073862681916704,0.07703819744658155,0.23343443089655333,0.22104600122955229
2017-09-08,0.36395205922588864,0.24022134629558167,0.03211741258757023,0.22343109025103242,0.14027809163992708
2017-09-15,0.34811801877882403,0.22933973704384414,0.05461272501775606,0.2199259666219939,0.14800355253758193
2017-09-22,0.34783632601119213,0.23514367157128685,0.06641904007117402,0.21458634624633544,0.1360146161000114
2017-09-29,0.3711933969277348,0.2534056076486809,0.039077262601522354,0.2161627222160544,0.12016101060600744
2017-10-06,0.36835054792756966,0.24221822764530104,0.042083495924253554,0.20701583842605817,0.1403318900768176
2017-10-13,0.3801807707910208,0.2564947310665374,0.026927318112214847,0.21433413894169376,0.12206304108853322
2017-10-20,0.38011345688511,0.2555946693584968,0.030324436235488306,0.21011120337540623,0.12385623414549865
2017-10-27,0.3782944076034769,0.2512179337851413,0.03604530952455101,0.20331407205432947,0.1311282770325014
2017-11-03,0.37754577982367066,0.2532522130663226,0.028928725338260373,0.21402314066788974,0.12625014110385666
2017-11-10,0.36751117375641973,0.24113627007832156,0.03169160496821342,0.2179716850018626,0.14168926619518268
2017-11-17,0.3776628334499145,0.253729807107507,0.025567769392236178,0.2176768674170298,0.12536272263331272
2017-11-24,0.3674882296369888,0.24773906178260255,0.03148351153863083,0.22505947217609165,0.12822972486568615
2017-12-01,0.37192739917132844,0.252161688163738,0.02940154092222593,0.22320820039291775,0.12330117134978993
2017-12-08,0.33465069314248186,0.21334749156780125,0.05762145980124037,0.22620721347759737,0.16817314201087913
2017-12-15,0.2820925554034407,0.20206507944387692,0.12569665241810224,0.2469194799061929,0.14322623282838715
2017-12-22,0.29404015558939245,0.2477738487255484,0.17123200872742134,0.2254350677445728,0.061518919213065
2017-12-29,0.3718159155212996,0.26429125111121254,0.04640814567146254,0.21885277273301904,0.09863191496300618
2018-01-05,0.34931805608342054,0.23249775449286408,0.04845419418450212,0.22709114126071805,0.14263885397849538
2018-01-12,0.37554522625377357,0.25942462167409186,0.030306290535199638,0.22286676454889057,0.11185709698804437
2018-01-19,0.371495008846708,0.2597989403298902,0.03890829430092375,0.2223710165015873,0.10742674002089077
2018-01-26,0.373770111660791,0.26272033035655734,0.036938772964500786,0.22300867785796358,0.10356210716018727
2018-02-02,0.3446046660335247,0.23740709374207408,0.06725619194202775,0.22229243292277068,0.12843961535960277
2018-02-09,0.277107151143653,0.2591101038731092,0.19104583580723172,0.2497369938684493,0.02299991530755686
2018-02-16,0.34520195559789146,0.2204190794584787,0.11602075917069285,0.15446028441444334,0.16389792135849365
2018-02-23,0.32551129246389676,0.19119828059504013,0.0663917392125367,0.2120027256684442,0.2048959620600822
2018-03-02,0.33140680564058417,0.19013326929666322,0.07686981536736762,0.1890277634004653,0.2125623462949198
2018-03-09,0.3409301590540276,0.21162496527937946,0.047331543761239124,0.22272589927577174,0.17738743262958206
2018-03-16,0.3576901484390758,0.2286154434730635,0.03970374023370606,0.21580543584575815,0.1581852320083965
2018-03-23,0.332414576836102,0.21382061550436726,0.0852598414829383,0.20316183393969448,0.16534313223689798
2018-03-30,0.3073793625409655,0.18337372790587678,0.09031123513265327,0.2146407756572339,0.2042948987632707
2018-04-06,0.29610135486730754,0.17917225605134013,0.09954423832707765,0.22265421061692242,0.2025279401373522
2018-04-13,0.31492058656077626,0.1949122682087721,0.08827392432529231,0.21415245385471499,0.1877407670504443
2018-04-20,0.3623361270723882,0.23600634390500946,0.055816738800286064,0.19830853345101881,0.1475322567712975
2018-04-27,0.3537348406447305,0.2246315455347678,0.08312642132239474,0.17555505169277363,0.1629521408053334
2018-05-04,0.3681230248001953,0.23693324769186133,0.05957687493207453,0.18436827124799707,0.15099858132787172
2018-05-11,0.3693804904497046,0.2364613708462784,0.057869786732737606,0.1831838321767507,0.15310451979452872
2018-05-18,0.3751515051685831,0.2465742695164454,0.044994123032935734,0.1955328104100653,0.13774729187197046
2018-05-25,0.38359741089007476,0.2565988034562676,0.02323533069330015,0.21159784284095742,0.1249706121194001
2018-06-01,0.3897144251597857,0.2627173644683904,0.026283742576206776,0.2031138520728693,0.11817061572274777
2018-06-08,0.37282649442875004,0.24522511644232775,0.029793202495419814,0.21390748327076847,0.1382477033627339
2018-06-15,0.3631425191221118,0.23512700046995952,0.032999727898162856,0.2188244849199728,0.14990626758979303
2018-06-22,0.36659544115644366,0.23923467842727908,0.03220454791570798,0.21724559115152958,0.14471974134903948
2018-06-29,0.3540851034657208,0.2248291334952243,0.0548169924280457,0.20359204552163288,0.16267672508937625
2018-07-06,0.3704442695414248,0.24158575816239955,0.04016777350325699,0.20426925732473938,0.1435329414681794
2018-07-13,0.3592586292026132,0.23277273981239416,0.037293384671787166,0.21952323968632975,0.15115200662687578
2018-07-20,0.3644350088496807,0.23808270584695243,0.033144709346223725,0.21925561395187448,0.14508196200526868
2018-07-27,0.36106809442571636,0.23534563682161705,0.03366643306954526,0.22236332318182492,0.14755651250129648
2018-08-03,0.3653291787464713,0.23895905639495918,0.032355313193577866,0.21924031114836964,0.144116140516622
2018-08-10,0.375361414005386,0.24676592698145383,0.028543613514920872,0.2118923037326554,0.13743674176558388
2018-08-17,0.337352798033375,0.19859863436507588,0.08563841903608982,0.1775415246801429,0.20086862388531637
2018-08-24,0.35369168833891523,0.22564304996775827,0.0387430693012555,0.22137507630180908,0.1605471160902619
2018-08-31,0.34939148583894614,0.221559619240257,0.04143206746984405,0.22269932591846994,0.16491750153248289
2018-09-07,0.33806954090539626,0.20850137750411282,0.12795794251802237,0.14380273783971817,0.18166840123275038
2018-09-14,0.3742196208402162,0.24488147227040008,0.04540927115165069,0.19515231805172797,0.14033731768600508
2018-09-21,0.35936201710624,0.23318312170584293,0.03958362091880487,0.21744338125825163,0.1504278590108606
2018-09-28,0.3474178413469931,0.21883913121998136,0.048132903529217244,0.21692664310789708,0.16868348079591125
2018-10-05,0.36114496575083904,0.23149908293848598,0.0517029191347467,0.20007315297254916,0.15557987920337915
2018-10-12,0.29484504223569585,0.176066884389479,0.09465636778695703,0.22677437270718004,0.207657332880688
2018-10-19,0.3057276386610424,0.17516064999555506,0.08043627385185169,0.21925516949865084,0.21942026799289993
2018-10-26,0.29465128693050135,0.17235256571438534,0.09684544787222535,0.22109776810881088,0.21505293137407722
2018-11-02,0.29507336529187034,0.17687563253719568,0.10182666633763772,0.2199531074729841,0.20627122836031214
2018-11-09,0.29581198511199674,0.16717014778534403,0.09163690946648986,0.21874919925246517,0.22663175838370425
2018-11-16,0.29307344577221733,0.1740708107235531,0.09960444349257064,0.22312834449682428,0.21012295551483456
2018-11-23,0.3077128790876671,0.1797608130899296,0.08990718261968648,0.21066758343194728,0.21195154177076952
2018-11-30,0.31240030027124144,0.18171265778798093,0.08219998992047915,0.2114462939445516,0.21224075807574683
2018-12-07,0.3020891347076066,0.19086698564119964,0.1126907692157663,0.21002206657578998,0.18433104385963758
2018-12-14,0.3099848068160955,0.1802535850463585,0.0902293272484143,0.20649010197992268,0.21304217890920904
2018-12-21,0.30394968610106793,0.22281905389198214,0.16524295569736702,0.18660529283972124,0.1213830114698617
2018-12-28,0.2775988045487694,0.2590881365218027,0.19136368933719086,0.24845000387279906,0.023499365719438017
2019-01-04,0.2964843110396373,0.1702092422234325,0.09427851374518159,0.21794375750877032,0.22108417548297823
2019-01-11,0.31802426871818357,0.19034249443201356,0.06033851430459361,0.23159056770225553,0.19970415484295365
2019-01-18,0.3347682140101782,0.21565413733303573,0.06007780179464759,0.22589567903938562,0.16360416782275294
2019-01-25,0.3117734533187644,0.20593564195901531,0.08966568401648982,0.23020471901897405,0.1624205016867564
2019-02-01,0.32830214321623,0.20588271393872934,0.07206653032741143,0.21612803927730578,0.1776205732403235
2019-02-08,0.35034799641407605,0.2224107837325515,0.046103494612938285,0.21703965447506934,0.1640980707653649
2019-02-15,0.3468015592208823,0.21867745094869515,0.04988439183929318,0.21617924579370895,0.1684573521974204
2019-02-22,0.3616530871945509,0.23442402148783395,0.03626778956311823,0.21766661152302708,0.1499884902314698
2019-03-01,0.3553549912750742,0.22928570706421197,0.04911579399519687,0.21150664576348713,0.15473686190202987
2019-03-08,0.3699452551241928,0.24976787977827583,0.04791401422757621,0.2058966713701609,0.12647617949979434
2019-03-15,0.3422365463901891,0.21979498285590918,0.052928160317724966,0.22303806507881968,0.16200224535735705
2019-03-22,0.35689358495820395,0.22967658678059713,0.03712164214954032,0.2210334873364768,0.1552746987751817
2019-03-29,0.3042356940206689,0.17302204363975304,0.07685796251804405,0.22350988738542005,0.2223744124361139
2019-04-05,0.3582429528679191,0.23154067748144982,0.035279114640565164,0.222226762508642,0.15271049250142396
2019-04-12,0.3649371870305479,0.23865194959289807,0.0314089022021942,0.2206282008540342,0.14437376032032564
2019-04-19,0.37704524372822823,0.2539141527834758,0.031324159035053735,0.21325754454676774,0.1244588999064746
2019-04-26,0.3780131810609043,0.2546883614381033,0.029049553879467567,0.21449032971753615,0.12375857390398859
2019-05-03,0.3664273867376138,0.2406527902435848,0.03174988549473129,0.21949394972389827,0.1416759878001719
2019-05-10,0.3042555214308327,0.1751713331735959,0.0915289429855077,0.21092401356190138,0.2181201888481623
2019-05-17,0.30700610412567453,0.17325750622098018,0.0818423311139239,0.21341430589751265,0.22447975264190886
2019-05-24,0.3373111243232313,0.20665940389670687,0.056673124749886186,0.21513037052808423,0.18422597650209147
2019-05-31,0.3204332978443901,0.18572412494549706,0.06962034113735846,0.21283789729203093,0.2113843387807235
2019-06-07,0.3279791260323076,0.19936668928617224,0.06179060432043097,0.22035096685865116,0.190512613502438
2019-06-14,0.29388563246877575,0.16820209006682413,0.08629625776028993,0.22889436870017021,0.22272165100394
2019-06-21,0.3446538154890575,0.22200521148495814,0.04937440761703278,0.22426180089258635,0.15970476451636526
2019-06-28,0.3281594417613319,0.2106132422061501,0.0725529790597939,0.2208085935713691,0.167865743401355
2019-07-05,0.3694841464230222,0.24413237054843376,0.03574584562830112,0.21320149698393817,0.13743614041630473
2019-07-12,0.3578069351258212,0.2330044966668971,0.035317377198931806,0.22454071087555022,0.14933048013279973
2019-07-19,0.3683956009412508,0.24328420799981526,0.03355125150935536,0.21662388686730202,0.1381450526822765
2019-07-26,0.37002485930774276,0.24166289123364684,0.032513350213622214,0.2128618976398837,0.14293700160510445
2019-08-02,0.29316628512719894,0.16177469076248277,0.08478435311418399,0.22514555272211795,0.2351291182740164
2019-08-09,0.3030655607980672,0.17287575094003016,0.1022537114878783,0.20003434038543452,0.22177063638858988
2019-08-16,0.3013541059747456,0.1731410544449354,0.10236516684319392,0.20348349995399823,0.2196561727831268
2019-08-23,0.33035712295403424,0.19892162567261906,0.055447133390819484,0.22171077944435186,0.19356333853817545
2019-08-30,0.31200702070187597,0.18148251684046832,0.07432276131002913,0.21989505432607112,0.2122926468215554
2019-09-06,0.32694434491791935,0.2006097877909784,0.05930314235665418,0.22612954786537381,0.18701317706907428
2019-09-13,0.3530882670649341,0.2247509630195887,0.04303120873462093,0.21729278744677583,0.16183677373408042
2019-09-20,0.3509997373123028,0.2219258304574409,0.04548243498024894,0.2159114152689129,0.16568058198109448
2019-09-27,0.3228183230883436,0.19245970368397192,0.06797065016691305,0.21689027522613272,0.19986104783463876
2019-10-04,0.3365841775859292,0.20685808357689678,0.06246602885554125,0.21089913310967484,0.18319257687195803
2019-10-11,0.32555387059404556,0.19887479419742005,0.06980145088773701,0.2164332141699087,0.18933667015088856
2019-10-18,0.35679271857180667,0.2308647598341846,0.054201892599954844,0.2052586752051642,0.15288195378888975
2019-10-25,0.3679634511005591,0.24218565247612994,0.037186042862032614,0.21265683831754442,0.1400080152437339
2019-11-01,0.2791782391769041,0.22896022434076194,0.15611205589033691,0.2497283383537641,0.08602114223823294
2019-11-08,0.28268129017365223,0.17885202169724518,0.09809585363149169,0.24955387780483382,0.19081695669277696
2019-11-15,0.2839740997587736,0.16545313832850045,0.08283179630685918,0.2485722143409867,0.21916875126488006
2019-11-22,0.2863076922892098,0.15897559384147125,0.0766464449538509,0.24361419719314859,0.23445607172231955
2019-11-29,0.28285236439757583,0.17619320288506332,0.09500705575500201,0.2495834894668584,0.19636388749550054
2019-12-06,0.35117286635797546,0.2241469582397391,0.04853336471603459,0.21480587394329445,0.16134093674295646
2019-12-13,0.28598662427024363,0.17621902942819695,0.09723351726538648,0.24134913940674768,0.19921168962942526
2019-12-20,0.27695892326370686,0.259810895599319,0.19178771888366627,0.2499999993006609,0.021442462952646974
2019-12-27,0.2820652952243926,0.1967727862732133,0.1192909011697592,0.24794410404552786,0.153926913287107
2020-01-03,0.2769597177395291,0.25979931375873916,0.19177429856313508,0.24999999890724386,0.02146667103135275
2020-01-10,0.2770639949402965,0.2582872391263493,0.19002258796225843,0.24999849315689265,0.024627684814203018
2020-01-17,0.2769747204057503,0.259580686849137,0.19152097113473465,0.24999997681387637,0.021923644796501676
2020-01-24,0.2831808277470388,0.1789131938074604,0.09851956075671234,0.2482312142921678,0.1911552033966208
2020-01-31,0.3010336247838202,0.1694815140318195,0.09904478956133451,0.20365451294334458,0.22678555867968117
2020-02-07,0.2896367592842773,0.16364311153616623,0.08461368232294343,0.2340296252842352,0.22807682157237782
2020-02-14,0.2872987786453394,0.16364284896045406,0.08297569053029193,0.2401686729598901,0.22591400890402433
2020-02-21,0.33084849648210163,0.20107161256961295,0.06177508557253067,0.21662074923785735,0.18968405613789743
2020-02-28,0.27696959364075535,0.2597985636959646,0.19178031066700618,0.24997420259458505,0.02147732940168884
2020-03-06,0.2769590172953665,0.25981080213206076,0.1917876719503752,0.24999976923129288,0.02144273939090471
2020-03-13,0.2769589223162246,0.2598109094142833,0.19178773489171747,0.24999999930066152,0.02144243407711307
2020-03-20,0.2769589223162246,0.2598109094142833,0.19178773489171747,0.24999999930066152,0.021442434077113062
2020-03-27,0.2769589223162246,0.2598109094142833,0.19178773489171747,0.24999999930066152,0.021442434077113062
2020-04-03,0.2769589665038245,0.259810859502699,0.19178770560901898,0.24999989226441938,0.02144257612003801
2020-04-10,0.27698295378314175,0.25978283957060905,0.19177069061576243,0.24994195631712052,0.021521559713366306
2020-04-17,0.2769794093621985,0.25978810530271657,0.19177394238202766,0.2499509392696892,0.02150760368336807
2020-04-24,0.2847190698383773,0.2513295262622397,0.1860241622868224,0.2321217291986312,0.045805512413929425
2020-05-01,0.3241334595333948,0.20298259555756376,0.08212198457251518,0.21100710996177713,0.17975485037474906
2020-05-08,0.3651014904264415,0.2377626840674562,0.06084773821902946,0.1897498687895174,0.14653821849755544
2020-05-15,0.34703406648489576,0.2081235274463222,0.10826080777639854,0.1460289257024715,0.190552672589912
2020-05-22,0.27891630550758134,0.25201503941383213,0.1837507875349583,0.24626434778973913,0.039053519753889196
2020-05-29,0.3450613330207629,0.21440960073964735,0.10243321003521666,0.16219174651706958,0.17590410968730355
2020-06-05,0.37064430070015497,0.22376585488669765,0.085799849751002,0.13949313298004365,0.18029686168210166
2020-06-12,0.33994186782639696,0.20442221675677194,0.14013744376169843,0.12372118178717303,0.19177728986795958
2020-06-19,0.32168978080256777,0.21167345323125325,0.16062995391696755,0.14564479949267461,0.1603620125565369
2020-06-26,0.3589741591581244,0.23100647511199973,0.09583692596357178,0.15929310342124767,0.15488933634505636
2020-07-03,0.3858278974996234,0.2529215753232343,0.04010031804245821,0.18652659384736323,0.13462361528732086
2020-07-10,0.38076392711474627,0.25583511868694664,0.03488679558388302,0.2045169745111458,0.12399718410327831
2020-07-17,0.28722800569337964,0.22039638774652615,0.15141555884268174,0.2301340700040239,0.11082597771338862
2020-07-24,0.3639797897449709,0.24624530350320573,0.04202531397519348,0.21963650617164948,0.1281130866049803
2020-07-31,0.38527073781330556,0.2674130383001199,0.03606707795167691,0.20665704982545957,0.10459209610943807
2020-08-07,0.36907510298534213,0.2578775577430814,0.06390707688075764,0.19985802206608572,0.10928224032473327
2020-08-14,0.28056920422976905,0.2428989263330595,0.17390732452634625,0.24356594023122954,0.05905860467959574
2020-08-21,0.37341236763363633,0.24985734854537023,0.04640420089411835,0.2008510688284926,0.12947501409838247
2020-08-28,0.3637514140255268,0.24018454717696405,0.041825994365984644,0.21400263038296446,0.14023541404855988
2020-09-04,0.3725338220566512,0.24819534004679808,0.03349423467111664,0.21381724745329056,0.1319593557721436
2020-09-11,0.3351507960070903,0.2044493081701143,0.05855055154395964,0.21510124250826812,0.1867481017705677
2020-09-18,0.3423523203372912,0.21490726610801902,0.04367281718802179,0.22707604541306337,0.17199155095360458
2020-09-25,0.38432651056834904,0.250347099423572,0.0412595161225869,0.18557803790640792,0.13848883597908423
2020-10-02,0.28234772126841695,0.18930540061762752,0.11047719197603145,0.24854727269259372,0.16932241344533033
2020-10-09,0.363289366128311,0.23782496220201363,0.032376291806918714,0.2219627309919778,0.14454664887077878
2020-10-16,0.3415914993295658,0.21258305289391066,0.05015240065973582,0.2196071258131962,0.1760659213035916
2020-10-23,0.28463116539776045,0.23154379594972413,0.16304920291268138,0.23494520750972658,0.0858306282301075
2020-10-30,0.2783446566904307,0.2516496241275838,0.18290918686501179,0.24783137527264823,0.03926515704432553
2020-11-06,0.28536522707537376,0.22072397785388218,0.14995222488496562,0.23552398738552127,0.10843458280025708
2020-11-13,0.30467844044839676,0.18301058194732217,0.1060681107381344,0.20358610994048426,0.2026567569256624
2020-11-20,0.315020470314447,0.18600525451777047,0.07239219108286846,0.2207329963529795,0.20584908773193464
2020-11-27,0.3451357700275647,0.22077698439848623,0.05845028402396047,0.2129263311777721,0.16271063037221653
2020-12-04,0.3683704073471724,0.24267124929125544,0.035040277421545106,0.21453850950235992,0.13937955643766706
2020-12-11,0.37351312688459026,0.24935276995842803,0.0275104664323721,0.21915965992070824,0.13046397680390132
2020-12-18,0.3757330134555497,0.2540637560854578,0.028053243848609005,0.21922600822205635,0.12292397838832722
2020-12-25,0.38784340233802306,0.2615458502537375,0.03172659653988556,0.2000140262742208,0.11887012459413313
2021-01-01,0.3793309739085822,0.2532313733812728,0.02746109864587726,0.21205094619102055,0.12792560787324736
2021-01-08,0.3717077639439199,0.24613997490655606,0.033592551256060026,0.21317726744734078,0.1353824424461233
2021-01-15,0.28433627665518135,0.16914161980031164,0.08753667435946083,0.24695700905363482,0.21202842013141138
2021-01-22,0.3559167507247784,0.2316430311740302,0.04206215321823789,0.21997015292611216,0.15040791195684133
2021-01-29,0.30236211389582174,0.17193783966036377,0.0859780637773768,0.21680267272953327,0.22291930993690443
2021-02-05,0.28302885166807173,0.17707337124671899,0.09619284437016329,0.24896158027171741,0.19474335244332858
2021-02-12,0.331983025568321,0.20805751518656446,0.0578400233778221,0.22563492564924512,0.1764845102180472
2021-02-19,0.3469377749055553,0.22210483561746114,0.052671356140070076,0.21665891666937523,0.16162711666753826
2021-02-26,0.35416939950098214,0.22626862816900561,0.04118211771438078,0.21864924127134466,0.15973061334428684
2021-03-05,0.2899309733510263,0.16452684605699602,0.0858842627026004,0.23309993939437035,0.22655797849500678
2021-03-12,0.3041194982538685,0.17477660734918252,0.084404854282939,0.21795002311295977,0.21874901700105018
2021-03-19,0.30146107327780874,0.17441978411777204,0.07751327041029012,0.22962532848705522,0.21698054370707384
2021-03-26,0.283288263286493,0.17936271184434183,0.09913728206893892,0.24786816819454616,0.19034357460568016
2021-04-02,0.28221966956720973,0.18831047427446967,0.10918684038932587,0.24906266931821117,0.1712203464507835
2021-04-09,0.28711589346099886,0.16558442231417192,0.08429706072204733,0.24119900880281242,0.22180361469996956
2021-04-16,0.28359589927073997,0.16807514318178088,0.0857310925121276,0.2490930884968551,0.21350477653849648
2021-04-23,0.36633711176174616,0.24238162800071314,0.029536812461471638,0.22368511888119508,0.13805932889487396
2021-04-30,0.2854733564050867,0.1649593942517163,0.08322751068857767,0.2447834508023283,0.22155628785229103
2021-05-07,0.28967225842933775,0.174460352694737,0.09715916345402285,0.23252557543397037,0.20618264998793195
2021-05-14,0.2769605331296269,0.2597878151763476,0.19176099336605457,0.24999992860542666,0.02149072972254419
2021-05-21,0.2921198645476748,0.18838393249361768,0.11620825077459868,0.2230557989511425,0.18023215323296624
2021-05-28,0.3109053819417327,0.18741927922740073,0.071923471696362,0.2305714080241726,0.19918045911033197
2021-06-04,0.28788178900355255,0.16230948052375968,0.08106371099520154,0.23959412436158484,0.22915089511590137
2021-06-11,0.2832131818843645,0.17089296499612894,0.08886353388221112,0.2495905596793888,0.20743975955790664
2021-06-18,0.2851734560681,0.16298881943668625,0.08069794615800865,0.24586681569526894,0.22527296264193625
2021-06-25,0.2863334939363721,0.1586344834763315,0.0762557108115992,0.243605016763421,0.23517129501227615
2021-07-02,0.2888468680322977,0.16113560527922444,0.0809188466063899,0.23667157790550625,0.23242710217658188
2021-07-09,0.28490912305941024,0.15939080938282083,0.07617077932592341,0.24720881772349257,0.23232047050835294
2021-07-16,0.2852520171845447,0.15876671489687189,0.07565780017350845,0.2464208618280757,0.23390260591699943
2021-07-23,0.30107043054414717,0.166618676635357,0.09444918651596543,0.20524803608140935,0.23261367022312107
2021-07-30,0.2839272313890837,0.16320073868833143,0.08008080769770634,0.24910089422657702,0.22369032799830155
2021-08-06,0.3030749834454373,0.17411476771735782,0.0712159304820719,0.23255104610716237,0.2190432722479707
2021-08-13,0.2885945912678159,0.1737495431736748,0.08953810008804369,0.24153322603696586,0.20658453943349975
2021-08-20,0.2856522757472495,0.15886620829287978,0.07605821688397811,0.24535197561712252,0.23407132345877024
2021-08-27,0.31173425226550855,0.18391617210874672,0.06610620487064485,0.23121120249246882,0.20703216826263104
2021-09-03,0.30641756856360997,0.1832307310203367,0.07045977403160092,0.2363285615560132,0.20356336482843918
2021-09-10,0.2857718397443055,0.16009090345423965,0.07761879132203194,0.2448186095020405,0.23169985597738235
2021-09-17,0.2922820597849411,0.16473849835484036,0.08094407147416678,0.233778182238891,0.2282571881471607
2021-09-24,0.3427945258222308,0.21287155095289154,0.05461382845507734,0.21310309554835244,0.17661699922144794
2021-10-01,0.36621232132774345,0.23424477628456364,0.04965454369011363,0.19524594376023077,0.15464241493734854
2021-10-08,0.35857652088485575,0.2306131326371989,0.04049018958267695,0.2153790043687793,0.1549411525264891
2021-10-15,0.31762976022895906,0.1869338154399857,0.06780927002589096,0.2212976622630143,0.20632949204215004
2021-10-22,0.3114443526512065,0.19153235023319445,0.0752712108630669,0.2304226680639619,0.19132941818857013
2021-10-29,0.33265482583443784,0.20835961276719198,0.05914926176019043,0.2233391536229604,0.17649714601521946
2021-11-05,0.35401409780802995,0.23038010416515306,0.039889826382702866,0.22450428388144084,0.15121168776267324
2021-11-12,0.35287485450762984,0.23066364246752566,0.0528082368099534,0.2139779100525158,0.14967535616237523
2021-11-19,0.38023760798795486,0.2533930918848692,0.03164529668117537,0.20626405009427035,0.1284599533517301
2021-11-26,0.28621273853227114,0.15917970412384416,0.07682909769788476,0.24382390025353362,0.23395455939246637
2021-12-03,0.3252048138807189,0.18305779761088473,0.126930466431944,0.14320826840134487,0.22159865367510734
2021-12-10,0.3347083349484755,0.1967350311507752,0.08966743192311036,0.17663433356836167,0.20225486840927726
2021-12-17,0.2900679233092539,0.16120226644875416,0.08196268063254213,0.23334453420086074,0.23342259540858892
2021-12-24,0.2971374458616283,0.1705847894299987,0.07911963550551875,0.23234182536421305,0.22081630383864131
2021-12-31,0.2870381979429146,0.16551149778847662,0.08312769682988815,0.24245018823617154,0.22187241920254913
2022-01-07,0.31244215688684857,0.189943977730015,0.07053985704138713,0.23162644883035413,0.19544755951139522
2022-01-14,0.28405874498366734,0.17889878629208583,0.09911708307177099,0.24592864171555764,0.19199674393691826
2022-01-21,0.2915058712110838,0.19122749388659543,0.11892191823527119,0.22444573761007156,0.17389897905697801
2022-01-28,0.27695899756377435,0.2598099307202974,0.19178660652373042,0.24999997796652246,0.021444487225675445
2022-02-04,0.30217110964291877,0.17095257282775858,0.1022135708880016,0.19980194067179774,0.22486080596952335
2022-02-11,0.2928841154794171,0.16512499062738356,0.0886528916981746,0.2252598786806982,0.22807812351432663
2022-02-18,0.3017636537766881,0.19086948899232695,0.12596399613146977,0.19728473934564125,0.18411812175387393
2022-02-25,0.31046598505076817,0.22323340679848855,0.1686556249037662,0.1710835987277035,0.12656138451927362
2022-03-04,0.2900065756198618,0.24518199622288958,0.1829861770919039,0.2186632878868595,0.06316196317848509
2022-03-11,0.283893708106965,0.2519585440093862,0.18716796547185713,0.2332061563985193,0.04377362601327221
2022-03-18,0.2790680336942571,0.2574280284813422,0.19038937247584992,0.24489116993218582,0.028223395416364833
2022-03-25,0.33543243874321155,0.17904798809404662,0.1295520748409112,0.11677643251063288,0.23919106581119767
2022-04-01,0.3477299956985926,0.17967551276790367,0.1446509739174441,0.0786056705101643,0.24933784710589524
2022-04-08,0.3468032013098251,0.17968526635832074,0.1440135997043523,0.08103742019813749,0.24846051242936437
2022-04-15,0.33353316605245226,0.17650657811355375,0.13088302442726216,0.11645328692919633,0.2426239444775356
2022-04-22,0.33587185831629124,0.18615352949877945,0.14415864932942116,0.1085795467162985,0.2252364161392095
2022-04-29,0.32706601793287055,0.2032132137034714,0.15858246710553314,0.12862484651130052,0.18251345474682434
2022-05-06,0.3307272137697529,0.19508379491515732,0.15122662602919423,0.1205860338966746,0.2023763313892209
2022-05-13,0.3337192520260505,0.19259993396921907,0.15043457526574106,0.11306655452220107,0.2101796842167884
2022-05-20,0.3032888403374086,0.17888668934422,0.1125716080114025,0.19543790709707193,0.20981495520989699
2022-05-27,0.2947596171679523,0.17652500752563485,0.10217396203185879,0.21984303918267586,0.2066983740918782
2022-06-03,0.3186669290200147,0.19679751817241772,0.07575193521821592,0.2215176256078328,0.18726599198151886
2022-06-10,0.34618272082421014,0.2028514814934879,0.09172090595780155,0.15886134520362513,0.20038354652087534
2022-06-17,0.33513616062825835,0.19236762079334063,0.15114662195108214,0.1093880109538312,0.21196158567348783
2022-06-24,0.3384891600586277,0.18138338578015434,0.14023955056949436,0.10256199428835959,0.2373259093033641
2022-07-01,0.3167695763147485,0.17704393111305383,0.11971884037558612,0.16044467965908885,0.2260229725375227
2022-07-08,0.33140084657614277,0.19645598287521607,0.07300892200865029,0.1994710915020212,0.1996631570379697
2022-07-15,0.33658171680994353,0.2078062550143259,0.061829833343533716,0.21252585367842436,0.18125634115377257
2022-07-22,0.3688454147637136,0.24071456200026883,0.03455858539028007,0.21208603703082096,0.14379540081491654
2022-07-29,0.3692710733609532,0.25537031393661425,0.04854503368746616,0.21235480577468432,0.114458773240282
2022-08-05,0.32161131915068353,0.19394371785311573,0.06677876017751698,0.2219444334054792,0.19572176941320465
2022-08-12,0.36319331298564955,0.24201885752391739,0.03452365370943797,0.22432586330922916,0.13593831247176585
2022-08-19,0.36895035999801684,0.24166219668933106,0.03132870917604878,0.21611754512384676,0.1419411890127565
2022-08-26,0.2769589997198191,0.25980978097569934,0.1917864273243955,0.24999999927164374,0.021444792708442344
2022-09-02,0.3242216489565725,0.18774512789246228,0.12364706735574219,0.1532540999430248,0.2111320558521983
2022-09-09,0.3469783726854595,0.1917334874715294,0.13569661429794252,0.10154595611645408,0.2240455694286145
2022-09-16,0.29160931873936835,0.24128322417801498,0.17969022517156463,0.2148686114709772,0.07254862044007478
2022-09-23,0.33048102737906143,0.20532001902810743,0.1519476651031216,0.13092776221195093,0.18132352627775855
2022-09-30,0.3255191173235798,0.1971699478905336,0.14734412204677533,0.13665659571821734,0.19331021702089396
2022-10-07,0.3332483976575487,0.1871698012455259,0.12820841367221888,0.13073019990657045,0.22064318751813608
2022-10-14,0.3188646660612428,0.19010279248240874,0.13534434677202656,0.1542041243966574,0.2014840702876646
2022-10-21,0.2998420949735323,0.20431900415225868,0.14084876727291473,0.19990820650325625,0.15508192709803806
2022-10-28,0.3215247281981771,0.19209023108176593,0.1154171260765074,0.1712176543800014,0.19975026026354803
2022-11-04,0.30883948779918186,0.18111424843648785,0.1146357013087229,0.18500536090922035,0.21040520154638703
2022-11-11,0.2786257068682403,0.23938370282523694,0.16830394474016397,0.2493020551130257,0.06438459045333321
2022-11-18,0.27695965448530896,0.2598003802173599,0.19177554124448368,0.24999997294539017,0.021464451107457237
2022-11-25,0.284182243960382,0.17277327489157673,0.09181135797402942,0.24670751545047037,0.20452560772354145
2022-12-02,0.281517208749547,0.20778716246089937,0.13219899019248485,0.2473997372669442,0.13109690133012458
2022-12-09,0.341749509481833,0.21487853771983392,0.04980535384292033,0.22202905135057355,0.17153754760483925
2022-12-16,0.28626607950696203,0.16764668557715504,0.08708427730569254,0.24215909508007816,0.21684386253011217
2022-12-23,0.31023318617548934,0.1788754237304306,0.06206887508078642,0.23294177979711306,0.21588073521618054
2022-12-30,0.31109674961557,0.18556111483051255,0.07555287747841447,0.2246261105278328,0.20316314754767018
2023-01-06,0.29855947655908,0.16406814116684157,0.07658359457923074,0.22541941386972836,0.23536937382511935
2023-01-13,0.28982096870893953,0.157870139170966,0.07777600760468852,0.23458551467471225,0.2399473698406935
2023-01-20,0.2906211102310859,0.1772122014546632,0.10167814405357428,0.22900140811858094,0.20148713614209562
2023-01-27,0.283423534801705,0.19582404562754727,0.11909719534479896,0.24454871136241482,0.15710651286353386
2023-02-03,0.3492706956289919,0.22712116372668836,0.054644233385578216,0.21538424318826496,0.15357966407047666
2023-02-10,0.2791141913636649,0.23361005214770442,0.16167853601009838,0.24905916016311588,0.07653806031541643
2023-02-17,0.3210379703756123,0.17889247728069893,0.10226054432662998,0.17173971534292107,0.22606929267413767
2023-02-24,0.3085051443131146,0.22417754467009346,0.17088104820976635,0.17358573617105005,0.12285052663597563
2023-03-03,0.2847970393192036,0.2509574817665448,0.18659351934012916,0.231013615337256,0.0466383442368665
2023-03-10,0.27695892232856906,0.2598109094003398,0.19178773488353698,0.24999999927075942,0.021442434116794695
2023-03-17,0.3041690146325516,0.17596382110100134,0.07578468285501133,0.22776351684975926,0.2163189645616764
2023-03-24,0.35071078730558336,0.22832394796412178,0.045949325124405554,0.22261855940226488,0.15239738020362445
2023-03-31,0.3573969657513605,0.23572936692716767,0.03946407046753887,0.22397304536837764,0.1434365514855553
2023-04-07,0.36980336814652454,0.25178542301000445,0.03340637835951453,0.2228653447991477,0.12213948568480874
2023-04-14,0.37529546077612985,0.2584634127707823,0.043264530042237154,0.20930370743562748,0.11367288897522333
2023-04-21,0.38110966036981636,0.2579697909697394,0.03179145577154919,0.20917923006431266,0.1199498628245824
2023-04-28,0.2887929459709591,0.24676566063635583,0.18374145483678053,0.22187268347143724,0.05882725508446727
2023-05-05,0.37658881218241214,0.2669021142541816,0.04614749595315406,0.21265142001821072,0.0977101575920414
2023-05-12,0.3834841528543562,0.2657305168261216,0.03366800141648743,0.21076229452284567,0.10635503438018906
2023-05-19,0.28015814490740226,0.25658151654308214,0.18942589710310312,0.2428916104087945,0.030942831037617944
2023-05-26,0.2900785948639824,0.16412498905485015,0.08549524130073073,0.23279220839142006,0.22750896638901677
2023-06-02,0.3579399791360285,0.22769081438411704,0.04389875045520009,0.21014459934074484,0.1603258566839095
2023-06-09,0.35386958185396583,0.22470762894538115,0.043802558564131955,0.21497076662008105,0.16264946401644004
2023-06-16,0.3607246744261854,0.23455411573469798,0.05523441697375794,0.20048649234129656,0.1490003005240622
2023-06-23,0.3630826784135853,0.23777172744934985,0.039007915159266604,0.21562709506212813,0.14451058391567
2023-06-30,0.3730777682182892,0.2450241671208287,0.04314155678179987,0.19977629083262644,0.13898021704645583
2023-07-07,0.3748384866080782,0.2500733325741592,0.0332042823384869,0.21162699162258433,0.13025690685669125
2023-07-14,0.3566556529746485,0.23254243004821717,0.0367795255126163,0.22480118759698695,0.149221203867531
2023-07-21,0.35671600465169206,0.23369076919967058,0.03976960496295367,0.22286311655832847,0.14696050462735527
2023-07-28,0.3596638091240082,0.2352290301746526,0.0345502711663801,0.2240495581634383,0.1465073313715208
2023-08-04,0.3607580774665904,0.23315404247537355,0.03741593155246428,0.21691487765861606,0.15175707084695583
2023-08-11,0.34387827929443493,0.20815720379719235,0.07245442986876378,0.1881782794278363,0.18733180761177254
2023-08-18,0.34876198908363837,0.21761738871948208,0.0516746841972831,0.20951443186046856,0.17243150613912792
2023-08-25,0.3539823657093961,0.22061614164383062,0.05984992664116144,0.19436098031963536,0.17119058568597637
2023-09-01,0.312377771229394,0.17200489486110784,0.0970738968061024,0.18646484247235387,0.23207859463104183
2023-09-08,0.3570486321028388,0.22675336514440933,0.04471234655164252,0.21006687374637362,0.1614187824547358
2023-09-15,0.36109034315439686,0.2319688763006732,0.046421339270379496,0.20598240560883996,0.15453703566571048
2023-09-22,0.3320359320593317,0.19919130414661032,0.068098808365142,0.20602667663505014,0.19464727879386587
2023-09-29,0.3303090435438488,0.19777553998833958,0.07180178732343383,0.2041491402107359,0.1959644889336419
2023-10-06,0.3352634925896395,0.20571202952009882,0.05601789412409716,0.21874195449689346,0.18426462926927106
2023-10-13,0.34666141664942257,0.21687358489853775,0.04833751708241777,0.21613886949617478,0.17198861187344722
2023-10-20,0.3295462417443721,0.19859070494836042,0.07584762115230313,0.20238400032222795,0.19363143183273643
2023-10-27,0.29144506858035296,0.17911368577700063,0.10454994196876417,0.22649549839327637,0.19839580528060574
2023-11-03,0.35183119963384185,0.22534521926889428,0.04647484133201621,0.21685457994556664,0.15949415981968101
2023-11-10,0.3669266611496647,0.24307655443322473,0.04128820488517428,0.21143955593958938,0.13726902359234686
2023-11-17,0.3698867844971156,0.2447120812474773,0.06183855118588041,0.18675517397247066,0.136807409097056
2023-11-24,0.30269622543048064,0.18438427957437858,0.11876293257106367,0.19603213059195002,0.19812443183212713
2023-12-01,0.324789319168174,0.20009325010181378,0.05924694533820045,0.22979013861694447,0.18608034677486737
2023-12-08,0.2890983950260083,0.16916779406458105,0.08859541181102733,0.23677257546326702,0.2163658236351163
2023-12-15,0.28177992392818574,0.20006060400541778,0.12305870940157036,0.24810133353737293,0.1469994291274532
2023-12-22,0.3806936667324781,0.25893360236969754,0.02367723343079,0.21914603950596737,0.117549457961067
2023-12-29,0.3331034669912333,0.2094476696608374,0.058056552614149604,0.22470400762599987,0.1746883031077798
2024-01-05,0.3620521514319355,0.23867905183611182,0.03561341438719293,0.22196327425250767,0.1416921080922523
2024-01-12,0.32272061897533977,0.1908980764304718,0.07602481898034692,0.20735170479525583,0.20300478081858578
2024-01-19,0.31949988798881335,0.17497793425469807,0.11577699126402899,0.15703191940028252,0.23271326709217702
2024-01-26,0.3229053960341967,0.17314166826573466,0.1193594804475425,0.14498389380673288,0.23960956144579326
2024-02-02,0.3175065247370955,0.18735723513139144,0.07323883615883091,0.2165054863845407,0.2053919175881415
2024-02-09,0.2897772976323959,0.1655058917763654,0.08695921763442356,0.23332603825267662,0.22443155470413867
2024-02-16,0.3518192864151919,0.22428581971216502,0.045222274414836415,0.21704215838754198,0.16163046107026477
2024-02-23,0.3699985808128778,0.2541420458277909,0.05993018461075387,0.19822247870893292,0.11770671003964472
2024-03-01,0.2949352740782938,0.23175216970121906,0.16947797393447522,0.20889901653512852,0.09493556575088334
2024-03-08,0.3365808177414765,0.26501607633013546,0.10662629371522421,0.22663620186379216,0.06514061034937153
2024-03-15,0.28019410839328374,0.2591250515826793,0.18777615397504913,0.2471163678543943,0.025788318194593467
2024-03-22,0.3550351686454773,0.2381697425526449,0.06996502143182738,0.20032286681276504,0.13650720055728538
2024-03-29,0.31300679484529503,0.18302042765719703,0.10768324383736787,0.18597571194110482,0.21031382171903523
2024-04-05,0.30076847214426033,0.1714290389392667,0.10082491755892578,0.2043870709965525,0.2225905003609948
2024-04-12,0.31916090514180945,0.18498568862867015,0.08383734464149864,0.20020187034739423,0.21181419124062753
2024-04-19,0.30555039336930806,0.1928945906180387,0.13106012146803492,0.1869771645344446,0.18351773001017369
2024-04-26,0.28075777106801714,0.2555201805174033,0.18927016412626288,0.240798329325118,0.03365355496319868
2024-05-03,0.2815207857864702,0.2461373890226574,0.17848195703408284,0.2404841615640199,0.053375706592769766
2024-05-10,0.28584433342275295,0.19196271513105662,0.11613309141446647,0.23888760180082025,0.16717225823090384
2024-05-17,0.35910900368853743,0.23466381745337508,0.04189820881490087,0.21713128192085568,0.14719768812233094
2024-05-24,0.2803028372997026,0.21412814633890184,0.13900062291560658,0.2494464441481189,0.11712194929767006
2024-05-31,0.30345217520569845,0.1717119531880528,0.09906102461248253,0.2013020377820373,0.2244728092117289
2024-06-07,0.2999692181343656,0.16759577398533584,0.09038202944737084,0.21246948891646797,0.2295834895164598
2024-06-14,0.37771665456073483,0.24751679047097147,0.047404249891741725,0.1891553010474182,0.1382070040291339
2024-06-21,0.38438549381575543,0.257533284523869,0.034715504735377566,0.199492047237759,0.12387366968723906
2024-06-28,0.3317429999866358,0.180873273096349,0.13184263104895105,0.1234447214400506,0.23209637442801354
2024-07-05,0.3162194680300191,0.1776622582698489,0.09359643264863883,0.18844414518537772,0.22407769586611548
2024-07-12,0.31115855931489655,0.18401294229720777,0.08211412020981165,0.21629837362118204,0.2064160045569021
2024-07-19,0.2935357794820618,0.16613418638035826,0.08901651928830137,0.22468680489953985,0.22662670994973882
2024-07-26,0.31942483709867764,0.18768646945230694,0.05787907149919468,0.22862816797108718,0.20638145397873348
2024-08-02,0.31115357216102774,0.1652113761360943,0.09415247380161958,0.18472588790187822,0.24475668999938002
2024-08-09,0.2854920374193658,0.158890970805908,0.075975866092797,0.24576825772287808,0.2338728679590511
2024-08-16,0.29688825898383675,0.16167319118618953,0.07306185403214654,0.22969612935933081,0.23868056643849628
2024-08-23,0.28584142884253033,0.16400532567385165,0.08239223869756276,0.24393012364443592,0.2238308831416194
2024-08-30,0.3022048124681731,0.17713414172967526,0.08486475099050148,0.2236041844929481,0.21219211031870203
2024-09-06,0.3191986947586847,0.1965359730073969,0.06398927503615467,0.2320696604122651,0.1882063967854987
2024-09-13,0.3344095683140583,0.20640340332654655,0.055262234290001606,0.22185837142239434,0.18206642264699924
2024-09-20,0.33139820183810387,0.2014912840924087,0.058265106173143025,0.2195336859946943,0.18931172190165005
2024-09-27,0.3453583088808959,0.21869703622794096,0.04120650146434277,0.2277091105581288,0.16702904286869152
2024-10-04,0.30598312751287,0.16919403326435972,0.09853519138384745,0.1943647458719327,0.23192290196699017
2024-10-11,0.3181056924021619,0.1773697862599357,0.1211146541464826,0.1568105304824884,0.22659933670893137
2024-10-18,0.31432755182103544,0.18048076060506435,0.10067008402594993,0.18787222216053048,0.21664938138741976
2024-10-25,0.3347158773258511,0.18089103871456125,0.13117087094599517,0.11843021563202992,0.23479199738156256
2024-11-01,0.3131251804737973,0.1857740592620423,0.12597347629242778,0.17018180861680215,0.20494547535493055
2024-11-08,0.31657664145116526,0.18345573458008008,0.08510476913631972,0.20230509153220574,0.21255776330022913
2024-11-15,0.33094617946620386,0.19531428377686158,0.07908652887267734,0.19304292688566754,0.20161008099858962
2024-11-22,0.32087863165122954,0.17300734754992592,0.116514521857421,0.1516018173608624,0.2379976815805612
2024-11-29,0.37806528320587107,0.2501736637902088,0.02721018022986439,0.21156944098303254,0.1329814317910233
2024-12-06,0.3741251851335471,0.2436470452709823,0.033817886318769745,0.20572751230750855,0.14268237096919228
2024-12-13,0.38443790994813315,0.2568373431654824,0.026080434244428245,0.20736582240419585,0.1252784902377604
2024-12-20,0.3359689662530664,0.20964318627842937,0.07009635431219537,0.20728025387297572,0.17701123928333323
2024-12-27,0.34092429763198007,0.19115279625038542,0.11009177710904448,0.13835339375043954,0.21947773525815045
2025-01-03,0.31757811265825936,0.1711125020501121,0.11151407161708952,0.16101410841998487,0.2387812052545541
2025-01-10,0.3289838577348614,0.19215632902899663,0.07855017404341656,0.19408292666332516,0.2062267125294003
2025-01-17,0.3187577986769057,0.1792092762357258,0.0862618648614208,0.19255588743837537,0.2232151727875724
2025-01-24,0.2982601591139774,0.1646790335587953,0.08595298039176276,0.21719238170102648,0.23391544523443805
2025-01-31,0.34359830827574034,0.21522547021308638,0.04577381087250231,0.22289700954133324,0.17250540109733778
2025-02-07,0.3518971660640517,0.22516373727607764,0.03936192217937207,0.2237021464616613,0.15987502801883727
2025-02-14,0.3758760455380866,0.2537573025641564,0.030512391987428646,0.21615797749612745,0.12369628241420086
2025-02-21,0.3795992758119763,0.254237797493732,0.02434823898182339,0.21571175817954336,0.12610292953292498
2025-02-28,0.3035590578104593,0.1768205273759073,0.07286319039167398,0.2327633364274679,0.2139938879944915
2025-03-07,0.284479153708808,0.24579164657767022,0.1799403412917663,0.232976401816819,0.05681245660493652
2025-03-14,0.2886934401365511,0.23917458614712492,0.17417977872865656,0.22383445225206763,0.07411774273559985
2025-03-21,0.3322316756708416,0.2268723423285453,0.1140295631396519,0.1880536008732254,0.1388128179877359
2025-03-28,0.35148345121846947,0.24404509306690866,0.08438805245263983,0.1987023170431809,0.12138108621880106
2025-04-04,0.2856736435173873,0.24621801089819553,0.18148493012167166,0.2295684685208226,0.057054946941923035
2025-04-11,0.2769589250710089,0.25981090630038084,0.19178773306341104,0.2499999926281175,0.021442442937081765
2025-04-18,0.278762314722413,0.2549718198126402,0.1872106681068697,0.24613668371997174,0.032918513638105315
2025-04-25,0.28178730222623016,0.24367354697578578,0.175502702754148,0.24042198901151635,0.058614459032319766
2025-05-02,0.29403547954239806,0.19054896859884857,0.11873500373829317,0.21907362256624857,0.17760692555421173
2025-05-09,0.30966529366420226,0.18816134555212286,0.07624084706918252,0.22937379945234676,0.19655871426214575
2025-05-16,0.35059291901288925,0.22112700286251974,0.046295558225503734,0.21504712645363921,0.16693739344544814
2025-05-23,0.34148853878617275,0.2138990717667947,0.050895426091284654,0.22041883505534293,0.17329812830040495
2025-05-30,0.36291975210109145,0.2365708304889996,0.04030096533757973,0.2133950157789515,0.1468134362933778
2025-06-06,0.3748165854540998,0.2491535823313827,0.029496724104718552,0.21445025898871303,0.13208284912108584
2025-06-13,0.35640924458738116,0.23857348298546593,0.06080121368608452,0.2073290580665861,0.1368870006744823
2025-06-20,0.37327448012463066,0.2382246093255245,0.07108358326381953,0.16422545412183193,0.15319187316419342
2025-06-27,0.38944541049242026,0.26900850248755487,0.02844642479179742,0.20796446644758987,0.10513519578063761
2025-07-04,0.38827633885081203,0.26906564358661916,0.027234741306715667,0.2114888284611481,0.10393444779470495
2025-07-11,0.356452167336742,0.22265962065245146,0.07141737356135032,0.18008549501950652,0.16938534342994963
2025-07-18,0.37989291415982124,0.2526407671528522,0.03222485388898109,0.20556376698563408,0.1296776978127114
2025-07-25,0.38046843105990186,0.25215912252453065,0.035201443641481776,0.20096281574590807,0.13120818702817755
2025-08-01,0.3706410020096875,0.24101030294542167,0.036833695231369035,0.20665294617661392,0.14486205363690782
2025-08-08,0.3603392953221015,0.23216869127556558,0.0389485146385877,0.21515607061552347,0.15338742814822182
2025-08-15,0.3625565296775952,0.23561819423450087,0.032733317200185366,0.22072651604757823,0.14836544284014036
2025-08-22,0.36340988610975555,0.23597375943451035,0.032793163483552934,0.2193954435535594,0.1484277474186217
2025-08-29,0.36208271147698184,0.23965231329294798,0.04106421548201928,0.21742346950172148,0.13977729024632934
2025-09-05,0.36569688512750814,0.23836877232856668,0.03387802574768769,0.21638993401109846,0.145666382785139
2025-09-12,0.36163654133219963,0.23481029132731737,0.03466617395440718,0.21971088266579689,0.14917611072027895
2025-09-19,0.3593003177069734,0.23210736512634353,0.036197098391586066,0.21985835074055388,0.15253686803454317
2025-09-26,0.31575587134726396,0.1812279746884134,0.08596015127092504,0.2007142200784164,0.21634178261498116
2025-10-03,0.35937876644156735,0.23234446613093693,0.03533352566468046,0.2208226463981896,0.1521205953646256
2025-10-10,0.30907559086328906,0.17709031726019267,0.08150482603679628,0.21374690833256976,0.21858235750715224
2025-10-17,0.3174385704278743,0.18732095977030225,0.07684507100423829,0.21296727664939308,0.20542812214819214
2025-10-24,0.3391006372164994,0.21023904848431613,0.058654620980172885,0.21340357940844876,0.17860211391056288
2025-10-31,0.34590498254155905,0.21483696446871056,0.06024316599454131,0.2034956178718749,0.17551926912331414
2025-11-07,0.3475914536167747,0.21833204173437512,0.04824879449212937,0.21595167429626871,0.16987603586045216
2025-11-14,0.3531201764127961,0.2230068259008885,0.05348870514641805,0.20489645006347984,0.16548784247641765
2025-11-21,0.3154815754329106,0.18828036399743706,0.11751984666166741,0.17676265574545613,0.20195555816252886
2025-11-28,0.34883379792559654,0.2206745158567725,0.048698965828573075,0.21553708344135541,0.16625563694770254
2025-12-05,0.3490334365481739,0.22384478376214006,0.04431400203948444,0.22285033696165918,0.15995744068854237
2025-12-12,0.3490979711968621,0.22493265234138016,0.044014511064837586,0.22415395592898038,0.15780090946793993
2025-12-19,0.3611430441592055,0.23788084850670504,0.038503089793112434,0.21997335001823531,0.1424996675227416
2025-12-26,0.36841641197755676,0.2471747200601303,0.032249130200766245,0.22192190179279941,0.13023783596874727
2026-01-02,0.32239579573530786,0.19559732354817816,0.07160750258608982,0.2172873072449006,0.19311207088552348
2026-01-09,0.36129566199956387,0.23450378062865637,0.035800568125799064,0.21890603904172665,0.14949395020425413
2026-01-16,0.36742018226695916,0.24076921103973659,0.030111032944642204,0.21935800719726314,0.1423415665513988
2026-01-23,0.3620035942529837,0.2347924671370393,0.0339776462830128,0.21968081041954682,0.14954548190741737
2026-01-30,0.3507214710195115,0.2265515418919494,0.0411017049387593,0.22564465476980108,0.15598062737997873
2026-02-06,0.3326313955220826,0.20837270249693313,0.05671261264565382,0.22585119414640475,0.17643209518892577
2026-02-13,0.3285503478072219,0.20370251635457137,0.05470536035113862,0.23087596482759393,0.18216581065947407
2026-02-20,0.32741000560835,0.19833803033281427,0.0581320031789576,0.2240631270551472,0.1920568338247309
2026-02-27,0.3215556855569628,0.19122423755766954,0.06735257169985422,0.21865871038040935,0.20120879480510412
2026-03-06,0.32398967383295474,0.20459017452485073,0.15782293784319298,0.1367228467133584,0.1768743670856431
2026-03-13,0.30014775966350093,0.2343099141391236,0.17555018980300122,0.19542182142940245,0.09457031496497173
2026-03-20,0.3354103155763009,0.2122784771915067,0.14104947392305942,0.13963711010723304,0.1716246232019
2026-03-27,0.3044278147946384,0.22960676050051665,0.17305065257323946,0.18485097611371856,0.10806379601788692
2026-04-03,0.3364098109826221,0.20851319935731993,0.14046506116103932,0.1344088351718885,0.1802030933271302
2026-04-10,0.35646804811673166,0.23255465478793852,0.09925279859296629,0.16226894320701327,0.14945555529535023
2026-04-17,0.3835962961875732,0.2584602780861103,0.03398962481969976,0.2026980505202575,0.12125575038635932
2026-04-24,0.3804688747152367,0.25304539992870784,0.051383133208847555,0.18558573882763274,0.12951685331957516
2026-05-01,0.3762970462616786,0.2543777514626293,0.056162519692415896,0.19016419325287645,0.1229984893303998
2026-05-08,0.38371812662521876,0.2524141683257572,0.04878893329534841,0.18130445498297246,0.13377431677070326
2026-05-15,0.3779455243872896,0.24356263868735134,0.0532242674963552,0.17876278242145843,0.1465047870075455
2026-05-22,0.37544509224221695,0.24478905800530232,0.05107915971408182,0.18699410596129404,0.14169258407710494
2026-05-29,0.31257591238566773,0.18054430886135778,0.08393488168304193,0.20815285685228188,0.21479204021765072
2026-06-05,0.3105247407618258,0.17782220950292354,0.07813001210572304,0.21511955869401836,0.21840347893550932
2026-06-12,0.2921640867595329,0.16342848087351577,0.0848359837383894,0.2287299976678171,0.23084145096074477
2026-06-19,0.3210452941971976,0.19161322264071767,0.07212308075800072,0.21523802479698262,0.1999803776071015
2026-06-26,0.35749622547264387,0.2268023457357493,0.0551568307530925,0.1987412920453561,0.16180330599315823
2026-07-03,0.36771459015018393,0.24299454947167917,0.037396167459488934,0.21376043447735943,0.13813425844128854
2026-07-10,0.32398757421570246,0.1936314648964284,0.05964163015415952,0.224244202373241,0.19849512836046854
2026-07-17,0.3539526960605265,0.2274892700122346,0.040270386791967594,0.22124686645386932,0.15704078068140195
2026-07-24,0.34842691037044304,0.21992364550266366,0.046477709832256214,0.21777792316326977,0.1673938111313674
2026-07-31,0.34379183978050104,0.2163194360602111,0.04381233636994894,0.22563267962616637,0.17044370816317259
2026-08-07,0.34427394342579604,0.2202415616065042,0.0446718967253115,0.2279008943918365,0.16291170385055184
2026-08-14,0.3565261688902465,0.230396883945285,0.03379802775351438,0.2258312289272497,0.15344769048370432
