,MSCI USA,MSCI EUROPE,MSCI EM,MSCI KOREA,MSCI JAPAN
2010-08-06,0.38446291432860435,0.1141242648621131,0.01918741538575519,0.20564043226169942,0.27658497316182795
2010-08-13,0.39062129285795394,0.11882891188916957,0.01679776368559053,0.19228119182189787,0.2814708397453881
2010-08-20,0.39208405041537286,0.11783925790632084,0.011711943973341068,0.18500860044459566,0.29335614726036957
2010-08-27,0.4016753950402417,0.1379553236576816,0.01611364716662988,0.15642353689184932,0.28783209724359754
2010-09-03,0.3808580916123609,0.12731769897419268,0.013213855995545233,0.17414185158938128,0.3044685018285199
2010-09-10,0.3354182513402073,0.10582890436120057,0.04184376643337511,0.2690654075499521,0.24784367031526483
2010-09-17,0.37008162413634443,0.12869767260415943,0.011502454917448437,0.17136656122027907,0.31835168712176853
2010-09-24,0.20013408160292592,0.15987378302993696,0.18439294034968662,0.450008778747556,0.0055904162698945286
2010-10-01,0.3159906109515431,0.13439738755558378,0.010022990495747702,0.1715347495742387,0.36805426142288666
2010-10-08,0.3061603681382088,0.12042421413824,0.034942911923829756,0.23945498695039033,0.29901751884933103
2010-10-15,0.46767810526142095,0.18990729260758982,0.024467723607038354,0.06814953330416913,0.24979734521978175
2010-10-22,0.3839649656920307,0.12119990071243879,0.011369413233070719,0.18061341429885638,0.30285230606360336
2010-10-29,0.39289006309376895,0.11370554792811985,0.00977805094300229,0.18851093382096648,0.29511540421414234
2010-11-05,0.3448277826126725,0.09651686494723222,0.00837592925620669,0.2259684027704417,0.32431102041344695
2010-11-12,0.4254784809100221,0.16453390941145002,0.02218931429774918,0.11657105029900815,0.27122724508177054
2010-11-19,0.3267460982288127,0.12437809994257493,0.006937036665814516,0.18073787217322823,0.36120089298956964
2010-11-26,0.329548436192771,0.11835035675740423,0.006478226822354226,0.18947180147594073,0.3561511787515298
2010-12-03,0.33637225271579374,0.09155900391076828,0.00416836773910321,0.22911036059821166,0.33879001503612294
2010-12-10,0.4010763951882704,0.13433415764379295,0.01998330844312996,0.16920304671771474,0.27540309200709195
2010-12-17,0.3903281138520692,0.16672648779089824,0.02899958083964908,0.13237608160079892,0.28156973591658463
2010-12-24,0.32240813238328514,0.12415487176453589,0.005854562536459597,0.1802654160561393,0.36731701725958005
2010-12-31,0.3243509332381108,0.11841063348611905,0.006145482850959838,0.1899858197272548,0.3611071306975555
2011-01-07,0.32801467706618503,0.11062757940684566,0.004923490815513525,0.20018741103920323,0.3562468416722525
2011-01-14,0.3277217141468867,0.1075662186760482,0.00733982315318368,0.20949581620168384,0.34787642782219763
2011-01-21,0.3326386197128031,0.0959245453047715,0.0069447870116641115,0.2273074693095457,0.33718457866121565
2011-01-28,0.3333897643384937,0.1051471128372798,0.006265010848058207,0.2104634575980369,0.3447346543781315
2011-02-04,0.34135063730871373,0.0801559761966317,0.007222724302200776,0.2523437540932807,0.3189269080991731
2011-02-11,0.3394397660924096,0.0863706163643493,0.004956528272121953,0.23848159998074098,0.33075148929037823
2011-02-18,0.3386053606311347,0.09018520996091993,0.006214579906782408,0.23437911905446077,0.3306157304467021
2011-02-25,0.36461820333495143,0.10889714362753111,0.012219227883678737,0.20714641545692314,0.3071190096969155
2011-03-04,0.33871049661185043,0.10001879964834934,0.008933949224572081,0.2224054639270492,0.32993129058817894
2011-03-11,0.35476185136721405,0.09260762908851773,0.008420458515851771,0.23037110762681293,0.3138389534016034
2011-03-18,0.44143633618557077,0.19572805602756063,0.034127673765244775,0.08065004284206113,0.2480578911795627
2011-03-25,0.34796544874941343,0.09096046726190454,0.007425817810298068,0.23300150725671273,0.32064675892167127
2011-04-01,0.32503312186227123,0.12098323849615224,0.004206710967749944,0.1822199918677959,0.36755693680603063
2011-04-08,0.3177802115759051,0.1436746288496495,0.0014633701320363823,0.14102826652330522,0.39605352291910373
2011-04-15,0.31486231905734824,0.14669897224906112,0.004423442385279555,0.14160868070829724,0.39240658560001396
2011-04-22,0.3103849587683448,0.15032580690017908,0.009531616582352324,0.1451638182996385,0.38459379944948524
2011-04-29,0.3129723101065153,0.1456555124415342,0.008127354294891939,0.1500616792950722,0.3831831438619865
2011-05-06,0.32595921421844504,0.12331102618490426,0.0005096461814195933,0.17183539200181872,0.37838472141341234
2011-05-13,0.3295073786252817,0.11415848996792595,0.0007232060702243277,0.18679765406930632,0.3688132712672617
2011-05-20,0.3388090131958689,0.08847388315534425,0.0022584322374229254,0.23051848050053225,0.3399401909108316
2011-05-27,0.3366794652889863,0.09848942447725548,0.0017590482620813992,0.21329824039610376,0.3497738215755731
2011-06-03,0.33881316457686034,0.08735572365602039,0.005783817254498437,0.23836557820261672,0.32968171631000404
2011-06-10,0.34374203877659915,0.08711194454988465,0.006584543319234878,0.23901330299933,0.3235481703549513
2011-06-17,0.3838965195034273,0.12951015003589084,0.012807420155967883,0.16907475267511576,0.30471115762959816
2011-06-24,0.35112896566131946,0.0923383554166181,0.005103048803482953,0.22603411723758712,0.3253955128809922
2011-07-01,0.3407882053705449,0.0839963792643784,0.003935327889715069,0.24044395086980444,0.33083613660555733
2011-07-08,0.338023194045065,0.08818896442800406,0.003888489609399904,0.23393476942422703,0.33596458249330396
2011-07-15,0.34758178241641907,0.08474138611003476,0.007168696938694805,0.24312126111297616,0.3173868734218752
2011-07-22,0.34398897062182954,0.08000935136602619,0.010447987566421206,0.2574503635707503,0.3081033268749729
2011-07-29,0.44500094724741573,0.18324621938463675,0.020490684793917944,0.07777329082390454,0.27348885775012516
2011-08-05,0.367877439090945,0.1942624861583505,0.0873437162537661,0.18985379944372122,0.16066255905321736
2011-08-12,0.19804761072159507,0.1616853784301879,0.18671119340406078,0.45135580039108036,0.0022000170530759207
2011-08-19,0.2128822492970788,0.1641659847223541,0.16126334022557842,0.40075150566603324,0.06093692008895547
2011-08-26,0.2214183608365724,0.1656026832324812,0.14704595255826794,0.37233772683386523,0.09359527653881301
2011-09-02,0.44280400936110725,0.2031326557405325,0.03463703191374185,0.06873856644676411,0.25068773653785414
2011-09-09,0.31561633672918693,0.18243357607703845,0.058380029774898486,0.17259977261247078,0.2709702848064054
2011-09-16,0.3886095813313503,0.19186796150370397,0.02709474416607551,0.08722443531971304,0.3052032776791571
2011-09-23,0.3011910481781169,0.17890951403348943,0.011122261728575587,0.10182871145893145,0.4069484646008867
2011-09-30,0.27308228179650723,0.17436064871123813,0.06351195709406092,0.20451764539148817,0.2845274670067056
2011-10-07,0.3089094035705718,0.18216479761511686,0.07917054645406287,0.20975657172692555,0.2199986806333229
2011-10-14,0.3487352097086902,0.10339499687753252,0.009862938130728431,0.21602162810309739,0.3219852271799515
2011-10-21,0.3790670540496299,0.185796677247756,0.05487786978671161,0.14662443970889574,0.23363395920700677
2011-10-28,0.3114797839130337,0.15964527235131154,0.04759190632794522,0.193638132912599,0.2876449044951106
2011-11-04,0.3274198974554311,0.17729071154326795,0.014637712501027288,0.10455502049781143,0.3760966580024623
2011-11-11,0.40260607713976626,0.15955575472184977,0.022979390848115153,0.1314737475492339,0.28338502974103474
2011-11-18,0.40186417718412926,0.15111795773094636,0.01942127415683852,0.13982301129686867,0.28777357963121725
2011-11-25,0.3483328268341414,0.13801732019669513,0.010911102837050483,0.159610820321087,0.3431279298110259
2011-12-02,0.30713703575070794,0.18013726893583337,0.010976264673034274,0.09816680252818195,0.40358262811224244
2011-12-09,0.35110295029985367,0.18952846814989247,0.019949423297392,0.08757521665426954,0.3518439415985923
2011-12-16,0.31560461830378583,0.14340297268527505,0.005183158586967607,0.14827380131635207,0.38753544910761945
2011-12-23,0.294824758738372,0.17693010730600678,0.019563798559313863,0.12088954169921295,0.3877917936970945
2011-12-30,0.30439133418440756,0.17605348662529458,0.005727139857652777,0.09678014936316609,0.41704788996947906
2012-01-06,0.33736973234838374,0.0919100291376376,0.0021591464423525867,0.22489315178715583,0.3436679402844702
2012-01-13,0.3223438351436715,0.1281576101510745,0.005484118107967851,0.17291573960815249,0.37109869698913367
2012-01-20,0.30215497537646663,0.17909942458171746,0.008467391590176888,0.09679767316313842,0.4134805352885007
2012-01-27,0.2968150384584354,0.17792592819624628,0.015818645532767038,0.11242419929677308,0.39701618851577813
2012-02-03,0.29722822297145307,0.17209103162442055,0.01873501651831735,0.12708706931603145,0.38485865956977755
2012-02-10,0.3184956140652027,0.13424740841783805,0.006410882649050332,0.16510643627662944,0.37573965859127945
2012-02-17,0.30848636007686225,0.16862098066786577,0.0017223944022475327,0.10158468532096757,0.41958557953205694
2012-02-24,0.3052916763143569,0.17955502444705548,0.00011372189018520743,0.08118272562960313,0.43385685171879934
2012-03-02,0.30530317765032144,0.17948583950956928,0.00013712663305853325,0.08133617637690627,0.4337376798301445
2012-03-09,0.3051275506046169,0.17952934365214324,0.00039896626694953794,0.08174588367408549,0.4331982558022048
2012-03-16,0.3044481515036157,0.17940205266356515,0.001588903605167289,0.08412791411925846,0.43043297810839337
2012-03-23,0.3031046529568126,0.17919222895132397,0.003917950530862392,0.08872715395837887,0.42505801360262213
2012-03-30,0.29985194315698255,0.1786065841746994,0.009847390949131528,0.10048480274104857,0.41120927897813797
2012-04-06,0.3347812733657753,0.09373396230147281,0.004514869931640069,0.2263966471212566,0.3405732472798553
2012-04-13,0.33882044809939943,0.09211262142126167,0.001809923197796525,0.22363220369190848,0.343624803589634
2012-04-20,0.2986873374710559,0.17849230508976066,0.014475604510125565,0.10877351029224745,0.3995712426368103
2012-04-27,0.3019937782418976,0.17902845442932064,0.006846437809138802,0.09421056097013676,0.41792076854950627
2012-05-04,0.3045259729845888,0.17516352621584688,0.011693339995545032,0.10834411886379955,0.40027304194021973
2012-05-11,0.31331044886568393,0.1782768649156048,0.01628991495286121,0.10889056904293057,0.38323220222291954
2012-05-18,0.32502848511854976,0.17818426403411092,0.002988863121186412,0.08388006551176531,0.4099183222143876
2012-05-25,0.305930063602064,0.17736872637399437,0.0007763864327480845,0.08583933446781225,0.4300854891233813
2012-06-01,0.3098695573280931,0.16707845480840666,0.0001941667905244382,0.10128119275054788,0.42157662832242787
2012-06-08,0.3050699146610402,0.17791573532384589,0.0014731634509333037,0.08629280899502212,0.4292483775691585
2012-06-15,0.29898676577173205,0.17850602764018766,0.011083220398364658,0.10294162343676691,0.4084823627529487
2012-06-22,0.29885525520092315,0.1784853824252432,0.01136609326490155,0.1034848966445047,0.4078083724644273
2012-06-29,0.3176135937841536,0.13872360885432736,0.004814810548584282,0.15507114440247485,0.3837768424104599
2012-07-06,0.30329150142862493,0.16906156924822616,0.010291618938963196,0.11652266409169516,0.4008326462924905
2012-07-13,0.300418113422734,0.17876030747513166,0.00926374590832057,0.09910997857503717,0.4124478546187766
2012-07-20,0.30179329984962405,0.1789745998245696,0.006237786208834088,0.09331665445799617,0.41967765965897613
2012-07-27,0.3020058207734502,0.17901905752724603,0.006253370714781501,0.09322000654009546,0.4195017444444267
2012-08-03,0.3268744792043844,0.1086502784473565,0.008428825555530386,0.20970616374949627,0.3463402530432324
2012-08-10,0.3001866148723809,0.17364216159704537,0.012091579911560806,0.11256277984999331,0.4015168637690196
2012-08-17,0.26200284252102907,0.17234312515040284,0.07543969354892717,0.23061103097500146,0.25960330780463936
2012-08-24,0.3008619909587672,0.17876858545926844,0.007850863641588577,0.09660438854961788,0.4159141713907579
2012-08-31,0.2997891690903185,0.17863984078059814,0.00969249654567831,0.10018093418664885,0.4116975593967562
2012-09-07,0.290745164648977,0.17713303492767002,0.025440123082148058,0.13141749059377142,0.37526418674743356
2012-09-14,0.2749080031018174,0.1744940505261821,0.05307000297877057,0.18620831317611386,0.311319630217116
2012-09-21,0.3035122398299079,0.17924351286723697,0.0032188747455563515,0.08736537236726627,0.4266600001900324
2012-09-28,0.29929710198716575,0.17855773334589847,0.010542864149474208,0.10186978342894183,0.4097325170885197
2012-10-05,0.30015032952216475,0.1786999160396709,0.009058297226126819,0.09892467235097553,0.413166784861062
2012-10-12,0.3067747951920405,0.16697842875237165,0.0053254603651097295,0.11083494404007471,0.4100863716504034
2012-10-19,0.3024858905716259,0.1778515469890098,0.01384628176761197,0.1079256793524624,0.3978906013192898
2012-10-26,0.3016874633971797,0.17512593810021546,0.008711622432004625,0.10400511526990006,0.4104698608007002
2012-11-02,0.33987078935508225,0.18209654010672116,0.016599402237239363,0.09696232027948717,0.36447094802147006
2012-11-09,0.34797265577449554,0.18886555073720832,0.020820714125284707,0.09087532433672794,0.3514657550262833
2012-11-16,0.3015248644851841,0.178072990905306,0.00821312149719661,0.09823793732447948,0.4139510857878337
2012-11-23,0.3114907481892381,0.15872753773895737,0.004146506130519389,0.12165822824672198,0.40397697969456325
2012-11-30,0.30205527648506336,0.1791087659978414,0.00963446797324995,0.09877958688128569,0.4104219026625596
2012-12-07,0.3055440993906591,0.17964366917458785,0.0034107760929668394,0.08655584696089748,0.4248456083808888
2012-12-14,0.30874264691502107,0.16460179631909574,0.0051476194878401415,0.11408807749240947,0.40741985978563355
2012-12-21,0.32546557900607226,0.13520671843334817,0.010162428562507961,0.1682599414568919,0.3609053325411798
2012-12-28,0.312519891634362,0.1705759873254562,0.004281504360054462,0.1017101604371742,0.41091245624295314
2013-01-04,0.3074952761335492,0.1735920857569996,0.000285727480987476,0.09101086684981267,0.42761604377865103
2013-01-11,0.3056827643676685,0.1781980479895611,0.0003062496028741473,0.08370390103257232,0.432109037007324
2013-01-18,0.30569646850463356,0.17765826192540904,0.0006558546418659186,0.08520098693043447,0.43078842799765704
2013-01-25,0.3262423861660508,0.11957790003863124,0.002389689060685234,0.18123630469783797,0.3705537200367947
2013-02-01,0.3293727068931232,0.10986027461962347,0.0030828094930999894,0.19805602154555332,0.35962818744860003
2013-02-08,0.33656001757892445,0.09866542289903206,0.004690583856601266,0.2179900908678299,0.34209388479761227
2013-02-15,0.33569919985093316,0.09881015998005666,0.004708492672999772,0.21797197522990264,0.34281017226610777
2013-02-22,0.3519875313075294,0.09895339793766447,0.006796182577833484,0.21757034689448587,0.3246925412824868
2013-03-01,0.3742961403739781,0.12891653354149904,0.009487976620727884,0.16663342536968304,0.320665924094112
2013-03-08,0.31808843844074086,0.16324158096784008,0.010838655123142983,0.12388921635390363,0.38394210911437243
2013-03-15,0.31392202855538887,0.18169596562508863,0.014938828646811654,0.10071047502337302,0.3887327021493378
2013-03-22,0.35152860815336573,0.18975986747495727,0.02599754164992103,0.097324366323984,0.33538961639777193
2013-03-29,0.36711436266596387,0.14096136872744763,0.01392989500790722,0.15550524376956917,0.32248912982911215
2013-04-05,0.3527648901414949,0.0972813050496392,0.011311154548465178,0.22784915367643074,0.31079349658397
2013-04-12,0.33944846187046174,0.09887966991749197,0.0059525385567016625,0.21911008701894089,0.33660924263640374
2013-04-19,0.32922502246703095,0.15902918080516842,0.007068949017653423,0.12207473837897538,0.3826021093311718
2013-04-26,0.3140679558301136,0.18151902377509238,0.007864694959358577,0.08900373825980956,0.40754458717562586
2013-05-03,0.3424440827146424,0.16957158213855303,0.021433783611994894,0.12564182028495213,0.34090873124985754
2013-05-10,0.32909751184171904,0.10866923831563219,0.004997817312608344,0.20336390620060002,0.3538715263294404
2013-05-17,0.31196199166577016,0.1416750284875495,0.012772552725556848,0.16485169047426276,0.36873873664686074
2013-05-24,0.2596981445447183,0.1736256890682066,0.15038828102706242,0.3558094531578615,0.06047843220215122
2013-05-31,0.4102355143778485,0.19672156163196117,0.03189718253910488,0.08227818050326244,0.27886756094782295
2013-06-07,0.4355362338621971,0.15839391395288052,0.018567188766924533,0.11849545800374703,0.26900720541425077
2013-06-14,0.4707688128911015,0.1895725845342718,0.022839050700073305,0.06525588385939907,0.25156366801515434
2013-06-21,0.4819548059309673,0.2116436515445334,0.03243721429563858,0.04181249710688913,0.2321518311219714
2013-06-28,0.4833683821256419,0.217268815062198,0.034144015479228976,0.034912154596964874,0.23030663273596627
2013-07-05,0.36676761999309637,0.11109142056326646,0.009521190436748156,0.19839978309412598,0.314219985912763
2013-07-12,0.35753701802908494,0.1401061562079128,0.015493951895678624,0.16176329834205372,0.32509957552526986
2013-07-19,0.3582081387273545,0.10011121358637672,0.008562064121363594,0.21719933620721654,0.3159192473576886
2013-07-26,0.349220747993027,0.08021698024289389,0.007289141060663029,0.25056886075656354,0.31270426994685246
2013-08-02,0.3563587295390696,0.08464055852166498,0.010099829939844958,0.2462610539803915,0.302639828019029
2013-08-09,0.37899856981470914,0.18455253225188784,0.044811158016922335,0.13169832044477717,0.25993941947170346
2013-08-16,0.3568980357034428,0.08525541915743744,0.00640955624534541,0.2388588300740771,0.31257815881969736
2013-08-23,0.38060304822235214,0.11343223299905585,0.012466967914839016,0.19630757197014687,0.2971901788936061
2013-08-30,0.408792609493754,0.13484225037318343,0.01524979716369209,0.1585876551580111,0.28252768781135934
2013-09-06,0.3830790609825312,0.12586543088762342,0.01329429827340489,0.1762188000480935,0.30154240980834685
2013-09-13,0.35426937484600707,0.09371515770668902,0.008213406439965706,0.2282682108191921,0.3155338501881461
2013-09-20,0.3520178223202466,0.09270085966227476,0.01139860947825021,0.23587630260676887,0.3080064059324595
2013-09-27,0.3445275452687675,0.09088974765367845,0.012726172038801654,0.24286983960999559,0.30898669542875673
2013-10-04,0.39395339053049766,0.13817277612789333,0.025143737227042325,0.1730900626166077,0.26964003349795895
2013-10-11,0.41446821557090036,0.1654702079286595,0.029568626453551138,0.12997967023628643,0.26051327981060257
2013-10-18,0.3845806597855102,0.11619993824228347,0.01277427132605383,0.19126709798618727,0.29517803265996523
2013-10-25,0.34619160899630386,0.08358167787073566,0.006770686653406572,0.244714951521223,0.31874107495833087
2013-11-01,0.34842223970420066,0.08539569976102443,0.004961186210229438,0.23809360430634924,0.3231272700181962
2013-11-08,0.3478330969122092,0.08167025648162196,0.003921243875038625,0.24273793292558907,0.32383746980554123
2013-11-15,0.33861599586403746,0.08695004040736,0.004229216047994124,0.2364622952865139,0.3337424523940944
2013-11-22,0.34075538763008417,0.09315373844533933,0.005266683548628714,0.22729088116226595,0.33353330921368196
2013-11-29,0.33586011585085884,0.09715617614539077,0.004545185045428186,0.2204430869676258,0.3419954359906964
2013-12-06,0.33180762523767526,0.1142481247359843,0.006668506937310569,0.19618634571085314,0.3510893973781766
2013-12-13,0.3479566596397277,0.11380563008522768,0.010975082494514113,0.20055719560456384,0.3267054321759666
2013-12-20,0.36322591821890715,0.11555427931538129,0.011248489026495744,0.19461415205735114,0.31535716138186476
2013-12-27,0.3415699196415688,0.09159716290856086,0.005679476665738533,0.23042475251280606,0.33072868827132584
2014-01-03,0.36005648472293467,0.0965927559454181,0.009364888911057556,0.224061042888482,0.30992482753210776
2014-01-10,0.3530416669516815,0.08696638253989157,0.00612288816008539,0.2363682949794147,0.3175007673689268
2014-01-17,0.34999445501546617,0.08183315652148813,0.0041620949992374956,0.2423812265417112,0.321629066922097
2014-01-24,0.37689552519695285,0.10764505833245892,0.007228618538132596,0.19802438243909853,0.3102064154933571
2014-01-31,0.44018382978479287,0.18066232883583053,0.01968527376320079,0.08185179309513169,0.2776167745210442
2014-02-07,0.4505927004643633,0.18152303805856596,0.024579538947587635,0.08632527373179495,0.2569794487976882
2014-02-14,0.3712891514861101,0.1002265197324286,0.010204058201360281,0.21681776085490423,0.30146250972519684
2014-02-21,0.3732611393920422,0.10563132781757424,0.010908465384140578,0.2084653540706427,0.30173371333560034
2014-02-28,0.3542619253648852,0.09095993599684808,0.01125018816654075,0.23804656352366882,0.3054813869480572
2014-03-07,0.354707245723775,0.09957540410364055,0.01167024662500068,0.22415499888656204,0.30989210466102185
2014-03-14,0.3807767884471679,0.13631724771448744,0.020673377512991486,0.17163602350884655,0.2905965628165066
2014-03-21,0.3691853537795176,0.10039999355003057,0.008943772032974905,0.21487005695495193,0.30660082368252484
2014-03-28,0.3629881568932276,0.0977384550540428,0.008059788362371745,0.21925923137190317,0.31195436831845463
2014-04-04,0.35163675378133,0.08241443714965103,0.004463299039775776,0.24154014259178402,0.31994536743745916
2014-04-11,0.38244675948071,0.12113101314968476,0.01491006254878961,0.18706542895301398,0.29444673586780173
2014-04-18,0.3608206469454921,0.09617964242543856,0.010192146867945463,0.2259830694145648,0.3068244943465591
2014-04-25,0.37323324692565996,0.1619358379996155,0.028034239173466327,0.14268239839427518,0.29411427750698294
2014-05-02,0.3486994753888308,0.08845472953507509,0.007748905142953334,0.23759944333657637,0.31749744659656454
2014-05-09,0.34666320647764143,0.08329462459715573,0.005073705516136825,0.24221939638474116,0.3227490670243248
2014-05-16,0.3399607916486048,0.08108043403418724,0.0038933598118246885,0.24546863263577126,0.329596781869612
2014-05-23,0.34610195974626534,0.09037285528191862,0.006027262867034331,0.23204637068313966,0.3254515514216421
2014-05-30,0.3414117923880766,0.08464566500248398,0.003281503574881477,0.23810321915337063,0.3325578198811872
2014-06-06,0.34289393501281146,0.08179470000883998,0.004085703373464178,0.2439267771770518,0.3272988844278326
2014-06-13,0.34438964276590217,0.08202059230657861,0.004851414572887464,0.24450319890226543,0.3242351514523664
2014-06-20,0.3453335364249061,0.08186357196860095,0.005398614123023634,0.24547947766307684,0.32192479982039246
2014-06-27,0.3431406461152536,0.0870195292204624,0.006851386788169916,0.23975680177241138,0.3232316361037028
2014-07-04,0.338035130439482,0.08646320130204427,0.006231398084080535,0.2408017213172291,0.328468548857164
2014-07-11,0.34116333076705346,0.08931781200824551,0.005900204841904247,0.234727059396714,0.3288915929860829
2014-07-18,0.34466977285009587,0.0938159769031794,0.006421531898676492,0.2272429290583747,0.32784978928967345
2014-07-25,0.3429280399177518,0.09197504995998859,0.00455835265617445,0.2275834687197978,0.3329550887462873
2014-08-01,0.3731122257847216,0.12536087983267696,0.011388776647436486,0.17610341903207763,0.31403469870308737
2014-08-08,0.36833938041739,0.11690775711020741,0.009646126064634742,0.18846481871945492,0.31664191768831285
2014-08-15,0.33763599321085613,0.09666964197630798,0.004828524794422195,0.22133881360093738,0.33952702641747634
2014-08-22,0.335753533173803,0.10656701091502065,0.0058314340050196305,0.20680376365422934,0.3450442582519274
2014-08-29,0.3362165806444376,0.09507482390510248,0.004245051784133507,0.22335764908889616,0.3411058945774301
2014-09-05,0.3389862741035093,0.08737583248922853,0.004329290152509593,0.2358309983202614,0.33347760493449125
2014-09-12,0.3400609626586647,0.09805398571646422,0.005032955830272305,0.2188047797437432,0.33804731605085553
2014-09-19,0.336699858220302,0.10028816644373723,0.005417254681487423,0.21645673637409374,0.34113798428037945
2014-09-26,0.3430319113520137,0.10804807798488444,0.00658722437694608,0.20393943729584801,0.3383933489903077
2014-10-03,0.3418772812387884,0.10813604134616349,0.007457500118327023,0.2055259571564801,0.3370032201402411
2014-10-10,0.3718995845539051,0.11140361715288458,0.01004087024443625,0.1975900332030891,0.30906589484568503
2014-10-17,0.4233005390887544,0.19329130406548956,0.028113465508718696,0.07868621085195741,0.27660848048507997
2014-10-24,0.36168170565267593,0.10308625265353959,0.008649680751830072,0.2115524032781804,0.31502995766377395
2014-10-31,0.33990087054640294,0.09092546157265897,0.005703727194556409,0.23197486019818292,0.33149508048819887
2014-11-07,0.3257885912069244,0.12336534172861348,0.0031211564762323976,0.1762020868852128,0.37152282370301704
2014-11-14,0.3149575697307506,0.15204446546981062,0.0013756040008136696,0.12743179576275776,0.40419056503586726
2014-11-21,0.3139742118012399,0.15517593778822245,0.0014885075837539471,0.12257499136302884,0.40678635146375486
2014-11-28,0.33074555831440106,0.10509193276405757,0.0039950975841786555,0.20731458273295456,0.3528528286044082
2014-12-05,0.3295001325384456,0.11143153878292644,0.0034341147764514694,0.19597690500737266,0.3596573088948038
2014-12-12,0.3574063202565858,0.11786502853771527,0.012301175721047915,0.19382581683851352,0.31860165864613754
2014-12-19,0.3518688531376756,0.09356735300757313,0.005946505436526418,0.22522508084073647,0.32339220757748843
2014-12-26,0.34442696610725665,0.0837659191991147,0.0042767665384200225,0.24058455375684362,0.32694579439836496
2015-01-02,0.35447189626213116,0.103943195532223,0.0043227423392810105,0.2044224613110626,0.3328397045553023
2015-01-09,0.34739397236280484,0.10108120750050562,0.0024343076195029968,0.20764892081208242,0.34144159170510413
2015-01-16,0.35277547214546656,0.07286495086181606,0.004808627555043476,0.25793989689502766,0.3116110525426462
2015-01-23,0.3467351230016391,0.06852741077446081,0.00040251349390095736,0.2591540694818013,0.3251808832481978
2015-01-30,0.3420048944185037,0.09545798177751229,0.0010645864493238548,0.2160179139152485,0.3454546234394118
2015-02-06,0.3444982678964521,0.11952682160631997,0.00327589797137175,0.17868233788344098,0.35401667464241515
2015-02-13,0.3444177736091756,0.08676598319637135,0.003645263986601043,0.2344682849017596,0.3307026943060924
2015-02-20,0.33990301384321514,0.08093627856124799,0.00643287556889411,0.25002196734585747,0.3227058646807853
2015-02-27,0.33674666219227384,0.08913519925720016,0.0058583784715513796,0.23596516227724046,0.33229459780173415
2015-03-06,0.2913293834688348,0.10283234992388937,0.07094684107389489,0.33335745016990065,0.2015339753634802
2015-03-13,0.34121465144258273,0.09118746822600077,0.0015382887232007285,0.22418682169504953,0.3418727699131663
2015-03-20,0.3459135662507923,0.07841384576085182,0.0019132910505215831,0.24525631500704437,0.3285029819307901
2015-03-27,0.3445729371278109,0.08430390474526597,0.002459791119608381,0.23657107733359622,0.3320922896737185
2015-04-03,0.3426530808206748,0.08202615811865492,0.005740275204578008,0.24639181778443642,0.32318866807165586
2015-04-10,0.33705125005163805,0.08561109514367427,0.006063131087000835,0.2421743216391756,0.32910020207851115
2015-04-17,0.3391142172838245,0.08092989171958406,0.005676281892231393,0.24893120876945318,0.32534840033490686
2015-04-24,0.33766708687926505,0.08242468983988106,0.006999615375023624,0.24898279347744887,0.3239258144283815
2015-05-01,0.33799595586858944,0.08420461653265676,0.0061685848301012095,0.2445059270726746,0.32712491569597807
2015-05-08,0.32510802640291775,0.09915924720451491,0.01687299317708826,0.24037186702486998,0.3184878661906092
2015-05-15,0.333533634626634,0.08841329100352514,0.009335418903261556,0.24379300220867983,0.32492465325789943
2015-05-22,0.3368376812655966,0.09133645907441691,0.005756425309233527,0.23206685674048005,0.33400257761027285
2015-05-29,0.340617451005366,0.09356065978967178,0.006295305701204855,0.2283779597172346,0.3311486237865229
2015-06-05,0.333795372336803,0.11213311114298674,0.005993293891081968,0.1981529172304452,0.34992530539868316
2015-06-12,0.3441199618190161,0.10067868487144926,0.006700854445947662,0.21628907568657996,0.33221142317700697
2015-06-19,0.3358110200043171,0.09081890494549753,0.009825571155870414,0.2400569679908014,0.3234875359035134
2015-06-26,0.3423053795371999,0.08265218204304806,0.008499993871594013,0.2500871856406916,0.31645525890746634
2015-07-03,0.45451336721744523,0.190113077415141,0.02694727725148178,0.07498448438328328,0.25344179373264863
2015-07-10,0.4370935436829596,0.2004472231599424,0.029449003318438118,0.06577390463809929,0.2672363252005606
2015-07-17,0.34188068024271806,0.09173397154222206,0.002217258238660413,0.22426493927644015,0.33990315069995936
2015-07-24,0.34303563074824833,0.0918673514395571,0.003104085384406221,0.22527930910449787,0.33671362332329036
2015-07-31,0.34262074550424243,0.08774180973154347,0.004857896135879075,0.23528539933500267,0.32949414929333243
2015-08-07,0.3445959857135103,0.0953807409423865,0.006998076696806825,0.22560155016814043,0.327423646479156
2015-08-14,0.3326779430635333,0.10031711836619817,0.017716999159487008,0.23813471748154405,0.31115322192923744
2015-08-21,0.325465360972827,0.1750879401027116,0.07846109306324625,0.21671345613716342,0.2042721497240516
2015-08-28,0.1996376435394056,0.16195035680874256,0.1839451854276711,0.4458683573544278,0.008598456869752698
2015-09-04,0.42720034503587584,0.2059817019594861,0.048444929960640204,0.09084828279727047,0.22752474024672736
2015-09-11,0.4216581926663527,0.2043993870074575,0.048932059526166964,0.09559270439341998,0.22941765640660286
2015-09-18,0.45992460862408924,0.20435771563258961,0.04241878524346371,0.07596330249614303,0.21733558800371441
2015-09-25,0.4097451945005787,0.16103531661520876,0.021855753478923136,0.12546299978812062,0.28190073561716883
2015-10-02,0.41451712668356816,0.19682870941433098,0.04832667556763657,0.10893037901931321,0.23139710931515103
2015-10-09,0.3510967460925204,0.09601632225681904,0.011766136136844407,0.2311265809135634,0.3099942146002528
2015-10-16,0.3354390265527407,0.09257449773915138,0.00763289194340311,0.23347568411141517,0.33087789965328956
2015-10-23,0.3406316601655268,0.07902535827178685,0.005391755073663026,0.25131130162677356,0.3236399248622499
2015-10-30,0.34405251778531604,0.07835489891914366,0.004735491058965099,0.25055351642303064,0.3223035758135444
2015-11-06,0.3290996300216175,0.1329098203911409,0.01009410519675085,0.17118637863766561,0.3567100657528251
2015-11-13,0.34298094700681325,0.10641477629261631,0.004412111111903738,0.20301922771083772,0.343172937877829
2015-11-20,0.3434258020358153,0.09787708843248795,0.006497442935131105,0.22081786186783744,0.33138180472872825
2015-11-27,0.33410527839560683,0.10178194361241279,0.003531275224761461,0.21133915018402966,0.34924235258318925
2015-12-04,0.34098598921454915,0.08440924898991548,0.006507700165305686,0.2440573600712921,0.3240397015589377
2015-12-11,0.3668379754346592,0.11926406948821966,0.01862642483631832,0.20003641282225865,0.29523511741854425
2015-12-18,0.3647122361085493,0.14046679152841376,0.027672144280037517,0.18013825658106505,0.2870105715019344
2015-12-25,0.33070079721083423,0.09068343407089073,0.01893380605897683,0.25685753164570047,0.3028244310135978
2016-01-01,0.3584981181312066,0.10480333480665445,0.005538915576627391,0.20411982466371653,0.32703980682179506
2016-01-08,0.3319755168212692,0.18595701901879427,0.03684273607614644,0.12651228073174384,0.3187124473520463
2016-01-15,0.3008741413516309,0.1785196613400514,0.011838384391923515,0.10376865347766918,0.40499915943872505
2016-01-22,0.2967297572095928,0.16968194036841147,0.020353926429341557,0.13399471371884944,0.3792396622738047
2016-01-29,0.3148154054824387,0.13021857356828398,0.016490017888768426,0.18977903634460674,0.3486969667159022
2016-02-05,0.3060973219860039,0.1349636884118485,0.025976427565861302,0.19982275207583583,0.3331398099604504
2016-02-12,0.24666964866759652,0.16736682869035646,0.10358274300556548,0.2900901392764893,0.19229064035999227
2016-02-19,0.3017168017803463,0.16370482122915417,0.015603181654701134,0.13488484339734083,0.3840903519384575
2016-02-26,0.31530374390638716,0.14838132843708277,0.002655986883532576,0.1356858199159618,0.39797312085703584
2016-03-04,0.3301726735918374,0.10234700858230475,0.006282177177843827,0.2159351075184554,0.3452630331295585
2016-03-11,0.32832484470047624,0.09444735052949953,0.014165018610189845,0.24299075894888872,0.32007202721094585
2016-03-18,0.33718622278690524,0.08630049597322094,0.013481440933084957,0.25353724305888686,0.30949459724790196
2016-03-25,0.34386274842370224,0.08744473844130841,0.013172587036682363,0.24957464532149337,0.3059452807768136
2016-04-01,0.3429606088938228,0.0911015460564108,0.016864709066591203,0.24987225552094458,0.29920088046223065
2016-04-08,0.3844402362307775,0.13292569683891442,0.011664594979914705,0.16126846684604715,0.30970100510434634
2016-04-15,0.44690132303975927,0.17100332857561643,0.021635263034410098,0.09988639803095403,0.26057368731926017
2016-04-22,0.39276764368732386,0.11544674319319473,0.017746367854906617,0.19909262453239848,0.2749466207321764
2016-04-29,0.37866110483790144,0.09636115626158882,0.010252443202990577,0.2217341247652274,0.2929911709322919
2016-05-06,0.3436604774609236,0.08080032844114513,0.006226468442466641,0.24904946258396057,0.32026326307150405
2016-05-13,0.35322573365642823,0.08454505413291145,0.006195561513456508,0.24052508942692818,0.3155085612702756
2016-05-20,0.47668611685553114,0.21534594211696775,0.030909976548254166,0.03419103893863177,0.24286692554061523
2016-05-27,0.41006205860766,0.14511060265815165,0.018096156225360593,0.14583309947908074,0.28089808302974717
2016-06-03,0.37635239112768887,0.10245987485434215,0.009879197291641495,0.21136071933442965,0.2999478173918978
2016-06-10,0.33579851331321875,0.09088407015485561,0.00422745123833978,0.2304764865394976,0.3386134787540883
2016-06-17,0.3049213686014968,0.1735463518466146,0.004371639866977271,0.09858604025881143,0.4185745994260998
2016-06-24,0.3050026865849661,0.17950851985304983,0.0006154732215384779,0.08217564006678224,0.4326976802736634
2016-07-01,0.3052649989399084,0.1787979477521548,0.0006174748752694867,0.08331557188174128,0.4320040065509261
2016-07-08,0.30580467180236126,0.17866928611164615,8.12143570123016e-05,0.08250225116400683,0.4329425765649735
2016-07-15,0.3665874151563493,0.1070533728298169,0.007742423728663327,0.2022272498986399,0.31638953838653044
2016-07-22,0.377389358465096,0.10766610090290847,0.012174493182706468,0.20624682857727503,0.29652321887201394
2016-07-29,0.4046532391968378,0.12215175712148449,0.014174398711755527,0.1790668797861965,0.2799537251837257
2016-08-05,0.4095813551999531,0.20314998539907853,0.08316378823292363,0.15836414735167476,0.14574072381637013
2016-08-12,0.45693055723442716,0.17673870851413417,0.025451868342470752,0.0944172702347074,0.24646159567426057
2016-08-19,0.4330726048782578,0.1525018235834243,0.02047913290896554,0.13220715589343915,0.26173928273591324
2016-08-26,0.45735790416008293,0.18693691406473023,0.027889904563007255,0.08128073789196644,0.2465345393202132
2016-09-02,0.4581033825646655,0.19634942097061972,0.0337540710213588,0.0751925443261762,0.2366005811171797
2016-09-09,0.4092535941359151,0.1374962916692309,0.02277922413555995,0.16675783557010906,0.263713054489185
2016-09-16,0.40902907591628085,0.14126041783659712,0.016585155308065876,0.14999086870605505,0.2831344822330011
2016-09-23,0.4033234047327111,0.11962300575163543,0.01327057535715533,0.18209526212408828,0.2816877520344098
2016-09-30,0.42219694959613796,0.1382269910873728,0.015495440752839627,0.15026666530601812,0.2738139532576315
2016-10-07,0.3893633356415541,0.12131321432477414,0.01682955580967836,0.18843869896646329,0.28405519525753004
2016-10-14,0.46561340967405446,0.2137073570797218,0.038955604550319184,0.05307542726191576,0.2286482014339889
2016-10-21,0.35197871134711295,0.10103890039098042,0.011431919360208256,0.22190705865412136,0.31364341024757697
2016-10-28,0.32931462502264075,0.10726477476579625,0.01954291564143724,0.23029314710427343,0.31358453746585235
2016-11-04,0.2633643306882765,0.1743338342211799,0.14814687590099393,0.3499930729209259,0.06416188626862358
2016-11-11,0.3420865512525515,0.18850277190498854,0.05737578649748394,0.15468238578340682,0.2573525045615693
2016-11-18,0.34683367632529527,0.1496460888960068,0.00942852768844731,0.13786842641872582,0.35622328067152487
2016-11-25,0.3562880946900563,0.166622366659683,0.011897623199894302,0.11132873344055402,0.3538631820098125
2016-12-02,0.3229385895158319,0.1763780027685884,0.0049703638448631545,0.09074751141329739,0.4049655324574193
2016-12-09,0.45142085161339995,0.20283441401387542,0.022228375165667853,0.04628760429256843,0.27722875491448834
2016-12-16,0.31351041621359516,0.14526851827433807,0.03846962992621453,0.20193891775540357,0.3008125178304487
2016-12-23,0.36282069398367334,0.10598079593387601,0.020533400859154956,0.22653275010936608,0.28413235911392964
2016-12-30,0.3610396649110965,0.09915538569263244,0.01751968465272152,0.2333249783463636,0.288960286397186
2017-01-06,0.3582188719147069,0.08907422334273554,0.0160175730873648,0.24839109171092,0.2882982399442727
2017-01-13,0.3884256702677358,0.11253368384681468,0.019523402353027665,0.20798767895359124,0.2715295645788307
2017-01-20,0.3764265180792723,0.10329051043217263,0.019835550268309018,0.22679481390498643,0.27365260731525964
2017-01-27,0.36350363845495953,0.09308288720583989,0.019041851049590924,0.24556334863045637,0.27880827465915314
2017-02-03,0.3814901499055448,0.10322017180347073,0.01648118478120767,0.22008843624946317,0.2787200572603136
2017-02-10,0.36398043569229577,0.09069511593428409,0.015168765386867329,0.2429199198625174,0.2872357631240355
2017-02-17,0.33582655432072717,0.0768428137269266,0.018876990462417864,0.27889543186111515,0.28955820962881323
2017-02-24,0.3396190377419106,0.07255629776343957,0.01189104669090667,0.27342823519917775,0.30250538260456533
2017-03-03,0.3375601514285708,0.07913097170118774,0.017296247628211858,0.27197585491483955,0.2940367743271901
2017-03-10,0.3399875686594534,0.08600109937893391,0.025491584794388376,0.2737305812908514,0.27478916587637287
2017-03-17,0.20071776069741518,0.16222434767961075,0.18606683843213023,0.4487527028581039,0.002238350332740021
2017-03-24,0.3058477900967376,0.0909781073094932,0.054455776967306906,0.32211056456307713,0.22660776106338523
2017-03-31,0.3360261807570362,0.08537541555111657,0.029750653821012087,0.2828895717511893,0.26595817811964595
2017-04-07,0.379080008204442,0.09787323954708428,0.009275870444060676,0.21744137356816215,0.29632950823625087
2017-04-14,0.37954047671132285,0.11100821254776481,0.009563427223609668,0.1957149706131312,0.3041729129041715
2017-04-21,0.31690019025629496,0.12844282873962826,0.012206983879035103,0.18504707822047253,0.3574029189045692
2017-04-28,0.3783037880563005,0.1003234111488855,0.013230022236050893,0.2201848546167052,0.2879579239420579
2017-05-05,0.3514719267728118,0.08002050317860263,0.009036801680653652,0.2533466416540744,0.3061241267138576
2017-05-12,0.3470463414525619,0.07978675809414866,0.0056612278798316385,0.2490311703676814,0.3184745022057763
2017-05-19,0.3451209244153719,0.07914024931082358,0.009793522822150515,0.25754900271399916,0.3083963007376548
2017-05-26,0.3765921366050082,0.09643256747823784,0.012012864472110188,0.22506222097618656,0.2899002104684572
2017-06-02,0.4007731939566101,0.11832327278668557,0.015437656566249085,0.1885285618100578,0.2769373148803974
2017-06-09,0.3965322981621275,0.11633998087791325,0.016813229880624767,0.19515633552404374,0.2751581555552908
2017-06-16,0.3984361657069119,0.11597257189549931,0.01231821479774853,0.187736175985947,0.28553687161389324
2017-06-23,0.41083921270089024,0.13726358707586978,0.01809199536315693,0.15885782780139424,0.2749473770586888
2017-06-30,0.36379818368967587,0.10676591924252311,0.011571041730566455,0.20982269286887692,0.30804216246835775
2017-07-07,0.3672148481343317,0.11858915002963787,0.010522067883421747,0.1873720622245187,0.3163018717280899
2017-07-14,0.3826375171213578,0.11532422294935837,0.017961013823993562,0.20195917633657767,0.2821180697687127
2017-07-21,0.36714812401904073,0.09956550985970108,0.017524734995545344,0.23125806897294587,0.28450356215276695
2017-07-28,0.38767253461952766,0.11216212028773413,0.015959864621329995,0.20275333646654659,0.2814521440048617
2017-08-04,0.42244831625898716,0.14500264768536614,0.023259719950443816,0.15194436615730733,0.25734494994789564
2017-08-11,0.3841539176327764,0.11401704758349628,0.02159718042225362,0.2099689832926151,0.27026287106885866
2017-08-18,0.40549015862476295,0.12779759368126611,0.015462104258305505,0.17155327146069088,0.27969687197497456
2017-08-25,0.3972053179436185,0.11830896509598812,0.015100849288051525,0.18879171280694546,0.2805931548653964
2017-09-01,0.46900066414523034,0.20496178224679804,0.03589602188718721,0.06185008427725318,0.22829144744353122
2017-09-08,0.3924851340950229,0.11307261902042755,0.015592581113000697,0.19950795308645736,0.27934171268509156
2017-09-15,0.38520491476974933,0.13204055990216856,0.029690994953445956,0.193090784863722,0.2599727455109143
2017-09-22,0.3597164041550068,0.12913481074491126,0.03937460693195086,0.2201488832357894,0.2516252949323417
2017-09-29,0.3585343695144119,0.10014166537218089,0.022485307238526677,0.2406362446409485,0.2782024132339321
2017-10-06,0.3702795934849759,0.11037709696320261,0.014845374274728762,0.2078158096460029,0.2966821256310898
2017-10-13,0.36551538423343893,0.09176614341054737,0.011336061028834039,0.23428307848384722,0.29709933284333245
2017-10-20,0.361349691764646,0.0928558156447345,0.011349843274385164,0.23341688272309008,0.3010277665931444
2017-10-27,0.3594510181605671,0.09773500071019735,0.010443256106049863,0.22410063352185036,0.3082700915013353
2017-11-03,0.3688152730365758,0.09580582344662555,0.011688689078694815,0.2273320141609741,0.2963582002771297
2017-11-10,0.3887349870882004,0.11047514045890201,0.012001345262331051,0.1986529642990727,0.29013556289149384
2017-11-17,0.37340105156376935,0.09501188566639183,0.011169175617551184,0.22674933278289278,0.2936685543693949
2017-11-24,0.38091107713270117,0.10549805169571871,0.019054073786996892,0.22073971709526674,0.27379708028931643
2017-12-01,0.374610847183014,0.0996179546620113,0.017684555481542807,0.22974802673792227,0.27833861593550946
2017-12-08,0.41270632391429285,0.15144848714694606,0.030214268241561777,0.15507298428284813,0.2505579364143511
2017-12-15,0.3681685565607942,0.19499628229236513,0.10190280935878927,0.21319085138273938,0.12174150040531198
2017-12-22,0.22895615353078813,0.1594282543349393,0.14792302142301325,0.38250544644097584,0.08118712427028342
2017-12-29,0.3329585314075724,0.09244354565498908,0.03530559577327857,0.2810887621775507,0.25820356498660924
2018-01-05,0.3898719485860627,0.1283531901011525,0.029951485487860238,0.19867985721771642,0.2531435186072082
2018-01-12,0.36085722747107185,0.09236327677501453,0.021175660993129404,0.25098570312179874,0.2746181316389854
2018-01-19,0.3506084150875,0.09515665893982152,0.028917069559415587,0.2617086099575523,0.2636092464557106
2018-01-26,0.34798825304116615,0.09155032796711414,0.02867954353714562,0.26797091923471605,0.263810956219858
2018-02-02,0.35858341392994586,0.12921624737162113,0.04607125926721438,0.23160139007720812,0.23452768935401053
2018-02-09,0.19940832469758546,0.1619630747248257,0.18651207412367177,0.4502428659565443,0.0018736604973729745
2018-02-16,0.30237693164479523,0.14709961415447076,0.039948615588425065,0.20388431440853125,0.3066905242037777
2018-02-23,0.434770969077738,0.17386308196378136,0.020230186081409817,0.09544575438305748,0.2756900084940133
2018-03-02,0.4141673610359215,0.17274410263514162,0.014459204573908929,0.09223506945065331,0.30639426230437466
2018-03-09,0.42521901598067663,0.14831522819143586,0.017789558105942082,0.136483305548421,0.27219289217352444
2018-03-16,0.4007042426042922,0.1259205741592507,0.01299428167225217,0.17162162293526045,0.28875927862894446
2018-03-23,0.3707254564152475,0.15533395358609556,0.04080009890587129,0.17596677955520526,0.2571737115375803
2018-03-30,0.42358992084781016,0.19189227579694154,0.04086051758685511,0.10254710327379807,0.2411101824945952
2018-04-06,0.4246881827511447,0.20197864503476132,0.052919721364831904,0.10572846540801459,0.21468498544124748
2018-04-13,0.4055468907664516,0.17904233363224625,0.043244374286252454,0.13230152916787066,0.23986487214717916
2018-04-20,0.36192803380566707,0.11972182263274116,0.01933811723101238,0.2015836844690835,0.29742834186149586
2018-04-27,0.3410073685283183,0.13581170256258382,0.025111757297370696,0.1890159915193639,0.30905318009236316
2018-05-04,0.34952312210703224,0.11641498987616455,0.014070089041643119,0.20104759041424897,0.3189442085609112
2018-05-11,0.35163008373562427,0.11592230627774787,0.011539004778314293,0.19711577526500204,0.3237928299433116
2018-05-18,0.35402962582722514,0.10386626874165472,0.011759282685813742,0.2172370011044002,0.31310782164090634
2018-05-25,0.3680364093447455,0.08949007964378933,0.006194159792046499,0.22884087901285521,0.3074384722065633
2018-06-01,0.3500200073098732,0.08202679320968222,0.005890980742586722,0.24497527850447412,0.3170869402333837
2018-06-08,0.38174998220331424,0.10440809810757647,0.009224389428331644,0.20574942599417642,0.2988681042666012
2018-06-15,0.39815074218316937,0.11742566523328991,0.011377747188085817,0.18376352778999708,0.2892823176054578
2018-06-22,0.3911278111583263,0.11244142196930139,0.01124524533572887,0.19352121430712313,0.29166430722952025
2018-06-29,0.38495512883691196,0.13233385378230228,0.017431524981237467,0.1719072010777143,0.293372291321834
2018-07-06,0.37214100121332083,0.10954450083136476,0.011039261112780472,0.2023540957901415,0.3049211410523924
2018-07-13,0.3979002489334569,0.12170541500632935,0.014851178052974773,0.1824947554814719,0.2830484025257671
2018-07-20,0.39307068036801385,0.114542587573283,0.012965039372072166,0.19245438599365663,0.28696730669297443
2018-07-27,0.3987477621652311,0.11842060824678141,0.01438718014581437,0.1870463014921954,0.28139814794997775
2018-08-03,0.3924014360301277,0.11332795027425978,0.012576230124173624,0.1939926268535815,0.28770175671785736
2018-08-10,0.37946652383079715,0.10178417789338715,0.0073707202702448845,0.2075468240610463,0.3038317539445246
2018-08-17,0.3844094130699446,0.16424093485399746,0.01839229211826486,0.1199512539848883,0.3130061059729048
2018-08-24,0.4095869292189375,0.13014125550905098,0.014565262618233056,0.16516176120756432,0.280544791446214
2018-08-31,0.41438444509314926,0.13576099711299225,0.01628409978538553,0.1575235786761699,0.2760468793323031
2018-09-07,0.30494437525268314,0.16112100613186425,0.039252357097657786,0.17852323062374495,0.31615903089404995
2018-09-14,0.35633272157856877,0.10567309810945714,0.011221521628014892,0.21276347777964827,0.31400918090431085
2018-09-21,0.3936954878680482,0.12159718747415144,0.01576454509883317,0.1851760649897307,0.2837667145692365
2018-09-28,0.4090376452580024,0.13958429908138412,0.017604878601251595,0.15453581268930205,0.27923736437005975
2018-10-05,0.3750757705441666,0.12327776215388082,0.014915554065723506,0.18513277064882172,0.3015981425874074
2018-10-12,0.4373781412913819,0.20442828821117487,0.04987795949838647,0.09358017379208934,0.21473543720696742
2018-10-19,0.45080900748044755,0.1978360910571673,0.03152538083470047,0.07057267025522979,0.24925685037245493
2018-10-26,0.4387120683431437,0.20756646969710216,0.046715016930573124,0.08264293859317699,0.22436350643600408
2018-11-02,0.4248911561295918,0.20449740143610348,0.052346644718246856,0.10047309050646473,0.21779170720959326
2018-11-09,0.4522446164869622,0.21027810397706734,0.03833324642563396,0.06082576969622558,0.238318263414111
2018-11-16,0.4337042800309421,0.20740626839034235,0.051260725414780405,0.09174079082514187,0.21588793533879322
2018-11-23,0.4283889672984751,0.1943901634962512,0.03646284730827502,0.08981234460024236,0.2509456772967563
2018-11-30,0.43376306208356935,0.18961334062530688,0.030652372348208924,0.08680101558465511,0.25917020935825974
2018-12-07,0.38401045556740476,0.1915113201016873,0.06141519658331574,0.14694771299534612,0.21611531475224605
2018-12-14,0.4251740718260596,0.19286673029738258,0.034228948406109745,0.08932516937559665,0.25840508009485136
2018-12-21,0.2601077574911158,0.17234679850539367,0.1071747031213423,0.28473935498787284,0.1756313858942754
2018-12-28,0.19848159096474666,0.16175769775217744,0.18595610356943934,0.44985783546132596,0.003946772252310574
2019-01-04,0.4437082727288172,0.20793421096537804,0.04144437679867916,0.07197159125719123,0.23494154824993432
2019-01-11,0.45226396960034954,0.177751064188288,0.027101214799895957,0.09656264055267613,0.24632111085879052
2019-01-18,0.40588029271258225,0.14992514243438398,0.03318661475802015,0.16421498066400175,0.2467929694310118
2019-01-25,0.39262146705777495,0.17255281092251487,0.05937254194691699,0.17344905736641222,0.20200412270638096
2019-02-01,0.4050947620564797,0.1619894287096368,0.03396991157412619,0.1454122187376184,0.2535336789221389
2019-02-08,0.4051017933229932,0.1351395419818302,0.017227862045535017,0.16227163467342867,0.2802591679762129
2019-02-15,0.4070528065504852,0.14022296394180778,0.0186649424408791,0.15570483126118273,0.2783544558056452
2019-02-22,0.3952575699276346,0.119096787645862,0.013350930950898263,0.1849459608385576,0.28734875063704757
2019-03-01,0.3872312710378131,0.12768411709063018,0.01911705222267522,0.1820698428986122,0.28389771675026937
2019-03-08,0.35029407605973095,0.10451262059355057,0.022475912947205016,0.23513176156491195,0.2875856288346015
2019-03-15,0.40509977337943626,0.1421090230892295,0.026384902068790222,0.1660375026730631,0.26036879878948077
2019-03-22,0.4041868700963705,0.12525228452041332,0.014450311298274166,0.17442078847502687,0.2816897456099151
2019-03-29,0.46046078342141533,0.19982743572821118,0.030160123817617946,0.06272184150149282,0.2468298155312627
2019-04-05,0.40353067862500136,0.12293958470383647,0.014272763248488942,0.17816182899008157,0.28109514443259154
2019-04-12,0.3946318065826634,0.1136588328359446,0.01248903348346527,0.19278237399294693,0.2864379531049798
2019-04-19,0.3646915400629877,0.0958360480763198,0.013656234749056842,0.231545883062809,0.2942702940488267
2019-04-26,0.3664160355369798,0.09449458892553983,0.012674463738387688,0.23175132764322437,0.29466358415586824
2019-05-03,0.3902427688783333,0.11141225436866109,0.012856475565672954,0.19818085199418686,0.2873076491931458
2019-05-10,0.43471254914345814,0.1998309480962619,0.03630199153465847,0.07894835078161531,0.25020616044400606
2019-05-17,0.4497727233857634,0.19875483858462084,0.028253150356015944,0.06372367471414983,0.25949561295944995
2019-05-24,0.4200181923499526,0.1549813442659274,0.019460541157238886,0.12927009679058088,0.2762698254363002
2019-05-31,0.44115967596049865,0.1809956772266559,0.021574779216757285,0.08426701248008445,0.2720028551160037
2019-06-07,0.42961666457562797,0.16591718183889176,0.02468356550344627,0.11752537072151124,0.2622572173605227
2019-06-14,0.46114464800808236,0.20991630038464498,0.040447479129342635,0.06299449294594694,0.22549707953198303
2019-06-21,0.4057196737299616,0.13878712566541684,0.024789710621530604,0.16878878672690434,0.26191470325618654
2019-06-28,0.3986066285928166,0.1585603093111029,0.039348337871220045,0.16175714994874993,0.24172757427611047
2019-07-05,0.37682920547976034,0.10764010053505901,0.013808422470412762,0.20918269030905154,0.2925395812057164
2019-07-12,0.4020614518521015,0.12207101072728753,0.01639856118558959,0.18355442276025158,0.2759145534747698
2019-07-19,0.3823353387333789,0.10860362295083122,0.01368542069657661,0.20610418909998163,0.28927142851923165
2019-07-26,0.38446929227512583,0.10885528734074235,0.00963231522293882,0.19833767788144738,0.2987054272797456
2019-08-02,0.4721417289225947,0.21495868414026914,0.03406013797437419,0.04120432261216718,0.2376351263505948
2019-08-09,0.421788477578465,0.20337184809805417,0.03815565104371171,0.07905591275648267,0.25762811052328655
2019-08-16,0.42286560255115074,0.2040800912546751,0.04061408632215854,0.08177994157962919,0.25066027829238646
2019-08-23,0.4379460707851331,0.1643028609965696,0.019556423840116747,0.10967721625442943,0.2685174281237513
2019-08-30,0.4467978888161433,0.18911679725230154,0.02882459837564747,0.08158792300420162,0.25367279255170616
2019-09-06,0.4329452973142175,0.16524719006544789,0.026658098083303914,0.1212397771957343,0.25390963734129646
2019-09-13,0.404505424500753,0.13160442665041674,0.015493985956008635,0.16542290840982474,0.2829732544829969
2019-09-20,0.4060766549565159,0.13509428299561496,0.015727729712426492,0.15958810038234583,0.2835132319530968
2019-09-27,0.4332142121784639,0.1744987240199049,0.025372849276114634,0.10343172469930606,0.2634824898262105
2019-10-04,0.41133452710719126,0.15585599684524218,0.022109618704137784,0.13424998368031915,0.2764498736631096
2019-10-11,0.4198686842143308,0.16844620844169556,0.029304404272991094,0.12329876649723123,0.25908193657375134
2019-10-18,0.37595117977762454,0.12630953717346538,0.020347321964080803,0.18902333688380757,0.2883686242010218
2019-10-25,0.37837856259635566,0.11005986842004177,0.014006158036173054,0.2050930650859002,0.29246234586152925
2019-11-01,0.28974457495127487,0.17967314089119404,0.14239631209227763,0.32529248539586947,0.06289348666938406
2019-11-08,0.4397572808978625,0.20907959405875032,0.06901207444176505,0.11759210417458775,0.16455894642703436
2019-11-15,0.47914942403531324,0.21678426614403182,0.04900863394944451,0.06183964065821674,0.1932180352129937
2019-11-22,0.4947376501129794,0.2197477842173355,0.03751142532956885,0.03386014423818606,0.2141429961019302
2019-11-29,0.4477471639033966,0.21064653838972694,0.06513401354313729,0.10658007933990771,0.16989220482383155
2019-12-06,0.39837013497684504,0.1336722394220337,0.018695249266506356,0.1687510770156156,0.2805112993189993
2019-12-13,0.44131924493486613,0.20923476827269494,0.061820257904377666,0.10480610336276218,0.1828196255252991
2019-12-20,0.1975112660609414,0.16159600232680804,0.18764444975137945,0.45320719608243215,4.108577843900877e-05
2019-12-27,0.38481691951441155,0.19827902048974855,0.09457670607012642,0.19149236581461437,0.13083498811109912
2020-01-03,0.19754597028631865,0.16160280600751012,0.18762750421936855,0.45315919803996046,6.452144684225801e-05
2020-01-10,0.20207568105135051,0.16249081823611858,0.18541457744445355,0.44689245055871285,0.0031264727093646355
2020-01-17,0.1982010601646468,0.16173123454738503,0.18730762255547184,0.4522531501260393,0.0005069326064569564
2020-01-24,0.4385539107963603,0.20881932637600603,0.06856322524549126,0.11754347465713715,0.16652006292500524
2020-01-31,0.4329122545489818,0.20663111439697512,0.036218176146043043,0.06776878950930249,0.25646966539869753
2020-02-07,0.47335752765707356,0.21538103995082336,0.04044124368834248,0.05101639681679588,0.21980379188696458
2020-02-14,0.4780929841939245,0.21642238502690872,0.04293949900913595,0.05241758482407589,0.21012754694595487
2020-02-21,0.4248806304041684,0.16313199629074077,0.022911630029878196,0.1202886659798449,0.2687870772953678
2020-02-28,0.19752832307585846,0.16159887141272203,0.18761590719818835,0.4531501968385412,0.00010670147468993013
2020-03-06,0.19751136869680194,0.16159601821288053,0.18764421935683934,0.4532067561757671,4.163755771113098e-05
2020-03-13,0.19751122466494586,0.16159599421121312,0.18764446996403125,0.4532072533349905,4.105782481937033e-05
2020-03-20,0.19751122466494586,0.16159599421121312,0.18764446996403125,0.4532072533349905,4.1057824819358474e-05
2020-03-27,0.19751122466494586,0.16159599421121312,0.18764446996403125,0.4532072533349905,4.1057824819358806e-05
2020-04-03,0.19751129167408643,0.16159600537772445,0.18764435337262309,0.45320702203855967,4.132753700642199e-05
2020-04-10,0.19755057236804116,0.16160263877316478,0.1875797749641567,0.4530776643143398,0.00018934958029761335
2020-04-17,0.19754221535543298,0.16160089413128856,0.1875907179853585,0.4531010146357202,0.0001651578921996901
2020-04-24,0.20990424312278963,0.16327442936888276,0.16730987499781624,0.4131599254073713,0.04635152710314006
2020-05-01,0.39672265085068237,0.16746901778764064,0.03873194994097106,0.14614622726775292,0.250930154152953
2020-05-08,0.34928890813002755,0.1175131940408837,0.019080256636440907,0.20773086459157455,0.3063867766010733
2020-05-15,0.3281053492259613,0.1545262423090955,0.02242786773902698,0.1558996376257351,0.3390409031001811
2020-05-22,0.21799021649878045,0.1655420845201706,0.17471786191672248,0.4200459293142704,0.021703907750056
2020-05-29,0.331310853178503,0.1501829522068578,0.03010490274176964,0.1754750903434528,0.31292620152941675
2020-06-05,0.3222568338096137,0.12791325838966155,0.003697870443471295,0.1703239117454318,0.37580812561182164
2020-06-12,0.2891118975484839,0.16456288457754517,0.03573943658250558,0.17037516799489358,0.3402106132965717
2020-06-19,0.2647712610674079,0.17093558609812734,0.07178064952361325,0.22616026527677688,0.26635223803407465
2020-06-26,0.30829093875746144,0.12968852749787516,0.028727067750698266,0.21285929120897334,0.32043417478499175
2020-07-03,0.3440078458357037,0.09296297604623373,0.0038968949376708686,0.22455637285843386,0.3345759103219578
2020-07-10,0.35327710133876944,0.09284167253785956,0.011993657711405013,0.2363607300385655,0.30552683837340056
2020-07-17,0.30029419723094697,0.18138065048139826,0.12189132507038697,0.28532587162270145,0.11110795559456643
2020-07-24,0.3694237121128915,0.1096285391905181,0.024624527623366657,0.225818995827728,0.2705042252454958
2020-07-31,0.3329284306604273,0.08190721314307334,0.01906933526153499,0.27135377486281703,0.2947412460721474
2020-08-07,0.31591169950789355,0.10064585532053437,0.036471155361253796,0.27312070393653165,0.2738505858737866
2020-08-14,0.24322521245898931,0.17043967425477,0.1602817870393797,0.38165014016714033,0.044403186079720755
2020-08-21,0.34935514708565524,0.1024636367036388,0.017829617275116564,0.2309306229401501,0.29942097599543915
2020-08-28,0.3774495141265025,0.11428417172140734,0.018360581176176383,0.20556238002161295,0.2843433529543008
2020-09-04,0.3725242608221571,0.10273859999299109,0.013749866060919344,0.21830991793323695,0.2926773551906955
2020-09-11,0.42179678716183705,0.1579824283224451,0.020292563335798135,0.12522342200961561,0.27470479917030416
2020-09-18,0.4255961863860034,0.14469597505153747,0.018563076311999327,0.1437986751605314,0.26734608708992835
2020-09-25,0.3467582132965639,0.09581355253639523,0.0033234443452662,0.21816420854852164,0.33594058127325305
2020-10-02,0.4076578246355579,0.20276803432753007,0.08389668789068759,0.16068349531852583,0.14499395782769864
2020-10-09,0.39565615961351347,0.11525041647481254,0.013922042919189873,0.1922962259183939,0.2828751550740903
2020-10-16,0.41898662617625115,0.1475621304212494,0.018730628591193076,0.14075671500892664,0.2739638998023796
2020-10-23,0.270601894244349,0.17564810972162231,0.14015930705247379,0.33262245949639185,0.08096822948516318
2020-10-30,0.22029388138572004,0.1660224607180749,0.17482087987897996,0.4188893285624791,0.01997344945474585
2020-11-06,0.30391031170546734,0.1819462123285975,0.12419156297751223,0.2874466087547201,0.10250530423370281
2020-11-13,0.4017567748411769,0.19532949932845553,0.048004160117814436,0.11380154938684926,0.24110801632570394
2020-11-20,0.4414525171573496,0.18392413399063703,0.029388870515205702,0.09249516221901581,0.25273931611779177
2020-11-27,0.39252313467696176,0.1404673210405048,0.02525844058152374,0.16974634691884305,0.2720047567821667
2020-12-04,0.3807758178140396,0.10924328429925227,0.013451868807499738,0.20498591568633576,0.2915431133928727
2020-12-11,0.37959650228612724,0.10069077755712971,0.012188169621201369,0.21751026040573865,0.2900142901298032
2020-12-18,0.3708618200834057,0.0960465658765365,0.014599861115241341,0.23138927129745182,0.2871024816273646
2020-12-25,0.3446393903834296,0.08449162288006623,0.008412601333170835,0.246313914199727,0.3161424712036062
2021-01-01,0.369500009161586,0.09472443041789716,0.009042890853609948,0.2245194786700368,0.3022131908968701
2021-01-08,0.3756765742905578,0.10472754223371528,0.01260737410010751,0.2123139189281632,0.29467459044745614
2021-01-15,0.4668513490702201,0.2143435201391818,0.053747824863510846,0.07675663316497988,0.18830067276210755
2021-01-22,0.39488639915404555,0.12483340892310113,0.019083311877136255,0.1850751602715279,0.2761217197741891
2021-01-29,0.44919208961867657,0.202636585349075,0.033746677332133095,0.06661826263208571,0.24780638506802957
2021-02-05,0.44463014259646333,0.2100240040933286,0.06616865717501012,0.11008564489749886,0.16909155123769912
2021-02-12,0.4213740225944948,0.15684703334393163,0.027943415413704466,0.14017781590683073,0.2536577127410382
2021-02-19,0.39830246668042907,0.13788367116804878,0.02290243515245374,0.16879756471158613,0.2721138622874823
2021-02-26,0.40453607814519893,0.12969187890329625,0.015279443916330624,0.16827206619462287,0.2822205328405514
2021-03-05,0.46999402349385416,0.21470365449973944,0.04135450785355072,0.05446476998506645,0.21948304416778922
2021-03-12,0.44652918101880523,0.19940729434661997,0.03417367670428213,0.07338020468101733,0.2465096432492755
2021-03-19,0.46026306272798306,0.20030063244262178,0.03530808941208759,0.07068203894899991,0.23344617646830768
2021-03-26,0.43692695773272827,0.20849368226296197,0.06907314745774802,0.11932345414114628,0.16618275840541538
2021-04-02,0.4110365686254755,0.20343991794252908,0.08265078933867846,0.15667801377826468,0.14619471031505243
2021-04-09,0.473780983493179,0.21520464890394697,0.0455980934425374,0.05994414998468565,0.2054721241756509
2021-04-16,0.4716944006639115,0.21533231405709458,0.05305689093786781,0.07282484930847008,0.18709154503265596
2021-04-23,0.3916663535977014,0.1099132869734324,0.014240419505777728,0.20272311772110377,0.28145682220198465
2021-04-30,0.4777535235157842,0.21641521160921423,0.04670472581322232,0.058878483198214725,0.20024805586356462
2021-05-07,0.4402087233633302,0.2086209723983633,0.05529667567194845,0.09505127486463097,0.20082235370172702
2021-05-14,0.19758037111675716,0.16160954892131446,0.18761065204818483,0.4531115290701188,8.789884362475059e-05
2021-05-21,0.3907605338976977,0.1989854051787251,0.07217193497127472,0.15104029829087964,0.18704182766142294
2021-05-28,0.44424024277931945,0.18496147217105943,0.035938137934459005,0.10120023753183792,0.2336599095833242
2021-06-04,0.4822113546286711,0.21690771985130855,0.04027605440517502,0.0461594873533196,0.21444538376152578
2021-06-11,0.46363457054446705,0.21376136008461455,0.05738212193012499,0.08461622483514715,0.1806057226056462
2021-06-18,0.4844471891974729,0.21777307641798294,0.044301942687846325,0.05100890075867207,0.20246889093802578
2021-06-25,0.4957504328081439,0.2199474130926119,0.03701052274354815,0.03244680366026588,0.21484482769543023
2021-07-02,0.4830006865528015,0.21726958787028178,0.037770056914859476,0.04113053871221895,0.2208291299498383
2021-07-09,0.49626346912368013,0.22011433801397745,0.03958392126762514,0.03640443475763133,0.20763383683708586
2021-07-16,0.4975258537622467,0.22034731941574826,0.03835009540223966,0.03363803906114955,0.21013869235861593
2021-07-23,0.4436480788070443,0.20825429791801808,0.03189294177919659,0.05528269382159882,0.2609219876741422
2021-07-30,0.4863063815687255,0.21819710484943963,0.04592833483457388,0.05262591955302427,0.19694225919423658
2021-08-06,0.4690523263268903,0.19898586037090732,0.03130073037034559,0.06412040654077666,0.23654067639108
2021-08-13,0.45406778596083713,0.2088724630266665,0.053878647169467456,0.0890856066705479,0.19409549717248098
2021-08-20,0.4964033739151385,0.22010758242237327,0.038060606995906805,0.033806194444137655,0.21162224222244388
2021-08-27,0.4569579917821799,0.1865160519628821,0.0296122922114595,0.08499458704336141,0.24191907700011714
2021-09-03,0.4558711512993439,0.1902969420932947,0.03668608211655743,0.09084798211630606,0.22629784237449785
2021-09-10,0.49232316459426245,0.21929735952067658,0.039634616377381506,0.0387588476514088,0.20998601185627064
2021-09-17,0.4753288427081012,0.21276544059426467,0.0373345917479675,0.04971457861393965,0.22485654633572683
2021-09-24,0.4105029192992805,0.14721154914897844,0.018706961678711574,0.14323050373385546,0.280348066139174
2021-10-01,0.3702180528398818,0.11833396986831335,0.010969869121905182,0.18787838705336327,0.31259972111653644
2021-10-08,0.3961763357989115,0.12404177806405862,0.01423229473242069,0.17790580101524706,0.28764379038936216
2021-10-15,0.44509973055636437,0.18135134937864192,0.02590804154134058,0.09010804051738862,0.2575328380062644
2021-10-22,0.4333874230168158,0.18195808032755245,0.04055368142886723,0.11652729840372282,0.22757351682304178
2021-10-29,0.4183208754881892,0.15641384964635305,0.02777013023316196,0.14130602135189216,0.2561891232804035
2021-11-05,0.40162280998444366,0.12653727230111836,0.019541686121054447,0.18145540752554518,0.2708428240678384
2021-11-12,0.3820102539932567,0.12835565546173486,0.02467435952585256,0.1915279896278404,0.2734317413913155
2021-11-19,0.36188291212797485,0.09459345742089517,0.00918173409197065,0.22670212910938473,0.3076397672497746
2021-11-26,0.49428550699564555,0.21966424815863622,0.0378973256637118,0.03475633257646132,0.21339658660554517
2021-12-03,0.3499340257548775,0.18687348852309918,0.02782522418018222,0.10563723157306835,0.3297300299687728
2021-12-10,0.38282300134896335,0.1674738124738982,0.02076892169295496,0.11889138934906616,0.3100428751351172
2021-12-17,0.48014897290115144,0.21669662498299586,0.03658620529236554,0.040738172442938585,0.2258300243805486
2021-12-24,0.46647713544981245,0.20562546862801395,0.037037596436263066,0.06323707867589423,0.2276227208100164
2021-12-31,0.475781798613298,0.2151701939347413,0.04530941081485414,0.059059909655553675,0.2046786869815529
2022-01-07,0.4418716888229159,0.18210488000550407,0.03635479423638536,0.10725060706120557,0.2324180298739891
2022-01-14,0.43682128295463446,0.20843725888331144,0.06760495289041148,0.11695777949723399,0.17017872577440868
2022-01-21,0.3835409704024986,0.1974695526469947,0.07670432591711361,0.16289896517574878,0.17938618585764418
2022-01-28,0.19751414082949137,0.16159656552618196,0.18764302935505855,0.45320319251661667,4.307177265135032e-05
2022-02-04,0.4250580724431877,0.2052817673438851,0.03720412768851909,0.07348950368932096,0.25896652883508714
2022-02-11,0.46217248433486036,0.21301645023857566,0.03902402805000288,0.05513440143202868,0.23065263594453256
2022-02-18,0.36343618241904757,0.19315475926074363,0.06532024579747918,0.1554553414658838,0.22263347105684575
2022-02-25,0.24820991834319078,0.16900523696073125,0.10035166752408325,0.28151521269661,0.20091796447538482
2022-03-04,0.2174065302132842,0.16479408934329068,0.15329347334858684,0.38518106085475157,0.07932484624008672
2022-03-11,0.2080894330760842,0.16336026344938584,0.16931965003608168,0.41682809134506765,0.04240256209338063
2022-03-18,0.20071137993892674,0.16212932663887733,0.18207868696889112,0.44216498632896456,0.012915620124340282
2022-03-25,0.3413280291679081,0.18482975790847833,0.011400090371317855,0.0832326289024633,0.37920949364983236
2022-04-01,0.30545030533758016,0.17960193032821586,0.0006376472456171261,0.0819544365881981,0.4323556805003887
2022-04-08,0.3072965039137977,0.18000864070874875,0.001641687309064994,0.08255035226778751,0.42850281580060096
2022-04-15,0.3441348958245051,0.187882716361281,0.011405906900779092,0.0774672931616068,0.379109187751828
2022-04-22,0.3091591340629397,0.18087898944943945,0.02231273058012809,0.11564438903763614,0.3720047568698567
2022-04-29,0.2734965178539928,0.1742582883910318,0.05543440510413117,0.190926459930538,0.30588432872030624
2022-05-06,0.2917436286895177,0.1776395375471278,0.04019443453878892,0.15530708945392108,0.3351153097706445
2022-05-13,0.2932998594673275,0.1778542695830349,0.033573602309728834,0.1433884117447226,0.35188385689518603
2022-05-20,0.3979178472852792,0.19988081542004757,0.04703653438892512,0.10537383775336572,0.24979096515238247
2022-05-27,0.4250688016009558,0.20496384701398498,0.052455343488116334,0.09983164248808088,0.2176803654088621
2022-06-03,0.41944376067106703,0.17427288402171093,0.037274180099379065,0.12707489350241286,0.24193428170543008
2022-06-10,0.3614254878338219,0.15709869819597494,0.013488091829242163,0.12888543701691327,0.33910228512404766
2022-06-17,0.29115901906912384,0.1773668287287533,0.03173644501900048,0.14158531842554248,0.35815238875758004
2022-06-24,0.31880843259929686,0.18266178548862624,0.012887126047507238,0.0945047175453802,0.3911379383191895
2022-07-01,0.3765085752485281,0.19500822012312424,0.030049597413113922,0.08968325239637122,0.3087503548188625
2022-07-08,0.41241834941055167,0.16756284342993027,0.020228692975227235,0.11111633706421795,0.28867377712007297
2022-07-15,0.411163641936154,0.15507346375404474,0.02296173009986473,0.13704790086528082,0.27375326334465583
2022-07-22,0.3835163400801338,0.11041286869472981,0.010632071352489303,0.19762394180083115,0.297814778071816
2022-07-29,0.3429903366567049,0.10072186354175316,0.02949316961359412,0.25504371483030336,0.2717509153576444
2022-08-05,0.4343664795260115,0.1738816175520921,0.0281625712720254,0.10893015839635972,0.25465917325351134
2022-08-12,0.3871773926491992,0.11238506938574298,0.019103971845486904,0.2078110841997018,0.2735224819198691
2022-08-19,0.38732541015237715,0.10928631434876766,0.01066616523033657,0.19871410413832336,0.2940080061301953
2022-08-26,0.19751460596430515,0.161596657107068,0.18764281893558626,0.4532025768055507,4.334118748995645e-05
2022-09-02,0.3502036235545033,0.18349763006901995,0.033218039242330494,0.12038449680686042,0.3126962103272859
2022-09-09,0.3053007793955766,0.16993125717132324,0.01214926107852891,0.11774686314144059,0.39487183921313074
2022-09-16,0.2259345220710063,0.16652156816324667,0.14623747981929247,0.3683988282522329,0.09290760169422167
2022-09-23,0.2781677502768494,0.17014978842995274,0.0516668827153186,0.19040686238742094,0.3096087161904583
2022-09-30,0.30007707922527527,0.17836383315468018,0.047935193919929925,0.16529788578265117,0.3083260079174634
2022-10-07,0.3354057229587106,0.17971465139789555,0.02249049600130354,0.11195340131204054,0.35043572833005
2022-10-14,0.333839740001047,0.18582697829020745,0.045538209991778794,0.1410236843772994,0.2937713873396674
2022-10-21,0.3251585220723845,0.1856988039093071,0.08606601190776889,0.21179267947371408,0.1912839826368255
2022-10-28,0.3602579843840904,0.18072605377018675,0.039089207747131045,0.13270538337004179,0.28722137072855003
2022-11-04,0.38678829587299984,0.19553087953966805,0.043012447324653764,0.10840939049041153,0.26625898677226684
2022-11-11,0.25818227251447495,0.1734775724424414,0.15747338065452593,0.36839252724371907,0.04247424714483878
2022-11-18,0.19754275466268348,0.16160217511354155,0.18762905398623655,0.45316361177221703,6.24044653211473e-05
2022-11-25,0.4557768653951991,0.2121677748632188,0.05895970812117589,0.09175005275276747,0.1813455988676387
2022-12-02,0.35139294650300607,0.19171630171142545,0.11047025377144642,0.23701425654950312,0.10940624146461897
2022-12-09,0.41654526672255193,0.14571445953977488,0.020902211714328444,0.14809523238470607,0.26874282963863866
2022-12-16,0.4676305956783014,0.21440796076239135,0.0496077412560081,0.06946525277166206,0.1988884495316371
2022-12-23,0.4709319892759372,0.1906438630044947,0.02502627117416431,0.06711712762105193,0.2462807489243517
2022-12-30,0.4406562082922429,0.1866622123866042,0.03466174689458184,0.09699025957748636,0.24102957284908488
2023-01-06,0.4772172634362324,0.20950084767025032,0.0276015336092726,0.03831014601428547,0.2473702092699592
2023-01-13,0.49108469901110036,0.21886666253739395,0.03222109908106666,0.027218815160262304,0.2306087242101768
2023-01-20,0.42882037290956254,0.20655707607823418,0.058247597592348606,0.10610140529003988,0.20027354812981477
2023-01-27,0.38504126709537284,0.1982604446019387,0.09180653500580652,0.18678483219641276,0.13810692110046918
2023-02-03,0.38683666432152625,0.1331095999616505,0.025876342212093735,0.1844658868398602,0.2697115066648694
2023-02-10,0.2752954627011442,0.1768281046000784,0.14892709884274397,0.3444096348900212,0.054539698966012254
2023-02-17,0.3977309028327378,0.18944468456099978,0.022086256547173125,0.08075912925084101,0.30997902680824835
2023-02-24,0.24535302694381889,0.1695683235215168,0.10440693622139681,0.2880779381689265,0.19259377514434098
2023-03-03,0.20939741128118783,0.16357672467795417,0.16696320283909735,0.4121793646806377,0.047883296521122956
2023-03-10,0.19751122468366566,0.1615959942143326,0.18764446993145983,0.4532072532703747,4.105790016722991e-05
2023-03-17,0.4585690152138032,0.1975305342021603,0.03311495373012014,0.07201735332955957,0.2387681435243569
2023-03-24,0.3976903693068952,0.13048530800052427,0.023072073719524213,0.18167626930283592,0.2670759796702204
2023-03-31,0.39254695498751896,0.12069693593681945,0.020925316510440245,0.19568530795933362,0.2701454846058877
2023-04-07,0.37074087412247203,0.10145723935166484,0.020997209520586164,0.23313567806524216,0.27366899894003477
2023-04-14,0.34190112419668484,0.09465690835482302,0.02386971869333828,0.2559826569429721,0.2835895918121818
2023-04-21,0.35518301199749847,0.09071132214656334,0.013034041204629117,0.24127495706011082,0.2997966675911983
2023-04-28,0.2153797095476527,0.16432188868067546,0.15671097079103716,0.3922188507128377,0.07136858026779692
2023-05-05,0.3257285140224008,0.0879538810577364,0.03205501650796345,0.28478425312649497,0.2694783352854045
2023-05-12,0.340433530505367,0.08384073159800655,0.018872723253557135,0.26606473798440633,0.29078827665866286
2023-05-19,0.20226729242755284,0.16208859920002114,0.179551451334475,0.43760391204210736,0.018488744995843586
2023-05-26,0.4709667828338606,0.21488542807949138,0.04063627525413053,0.05272277380111626,0.22078874003140128
2023-06-02,0.39502136832662543,0.1269514698687841,0.012794368685687695,0.17083675784400096,0.29439603527490177
2023-06-09,0.4026244851577036,0.13131397219944063,0.014671520894403337,0.16494646721720452,0.2864435545312479
2023-06-16,0.36612954137183845,0.1215924059866169,0.01964724172608431,0.19800554612575721,0.29462526478970313
2023-06-23,0.3854848991625114,0.11613555296883726,0.015869910925666888,0.19640914150482985,0.2861004954381546
2023-06-30,0.36077667924726403,0.10591115876738569,0.012208354209132908,0.21302508053087676,0.30807872724534063
2023-07-07,0.36852713734091785,0.10008819203543343,0.01279887052894533,0.22206807054596459,0.29651772954873884
2023-07-14,0.40139752591991196,0.12318334174883407,0.017730830135573666,0.18408729487451908,0.2736010073211612
2023-07-21,0.3952186544315569,0.12262038397350271,0.019673531353545055,0.18972357531268413,0.27276385492871125
2023-07-28,0.3987993171648066,0.11934121669655119,0.016254601964199207,0.18864527061314884,0.27695959356129424
2023-08-04,0.3958506684075828,0.12064777975759922,0.013413237447722083,0.18230630181039903,0.2877820125766969
2023-08-11,0.3872830370589581,0.15217282624829298,0.016991667614714098,0.13724226195860462,0.3063102071194302
2023-08-18,0.4037389509173153,0.1401935409387937,0.015543141887991064,0.15122281185592298,0.28930155439997696
2023-08-25,0.3823503150284636,0.13611550390001204,0.014368618861396286,0.16094931820214722,0.3062162440079808
2023-09-01,0.4224104131558863,0.19857926694416891,0.0241889600358027,0.0633460286384566,0.2914753312256854
2023-09-08,0.3957255739003351,0.12821327202201122,0.01312050868912466,0.16910514755754844,0.29383549783098056
2023-09-15,0.3828499000494033,0.1223660715033657,0.014097158404172333,0.18351951134598862,0.2971673586970701
2023-09-22,0.4161672615818996,0.16462768836737418,0.021072646956465668,0.11663487074977431,0.2814975323444862
2023-09-29,0.4136917351442804,0.16700746081689755,0.022693728359240894,0.11593395011778315,0.2806731255617981
2023-10-06,0.4241123546313774,0.15669232271146313,0.020838303597425858,0.12779338811237342,0.2705636309473602
2023-10-13,0.4118473245242823,0.1414810705982971,0.016499406161411552,0.14883529690828096,0.28133690180772813
2023-10-20,0.4070253803786942,0.16724306274353667,0.025588703656290627,0.12194816794130356,0.27819468528017505
2023-10-27,0.4211900315541482,0.20501503165400733,0.06000970171185768,0.11340918141616095,0.20037605366382585
2023-11-03,0.39951595493026654,0.13219784035081744,0.018612959754004184,0.17083368541361268,0.2788395595512993
2023-11-10,0.3717829570977519,0.11038811221213646,0.017340500590944254,0.2116788423932491,0.28880958770591825
2023-11-17,0.33470971292666174,0.10989310044048319,0.02079490246045243,0.22676452786964324,0.3078377563027594
2023-11-24,0.38192510316090866,0.19674414793371459,0.05530306067118923,0.12826925907162257,0.23775842916256512
2023-12-01,0.43566343785047906,0.1667568916183195,0.02879004262438414,0.12169017220911327,0.247099455697704
2023-12-08,0.46075567355040364,0.21195006397210064,0.048087103213218275,0.07258793685928148,0.206619222404996
2023-12-15,0.37508636248165017,0.19637426045416337,0.09945110226979305,0.2051537954300792,0.12393447936431413
2023-12-22,0.36713372104801817,0.08930235243405063,0.01245235635191251,0.2399522226808148,0.29115934748520395
2023-12-29,0.41827805674470375,0.15523937094767476,0.028086736370868656,0.1438283870532777,0.2545674488834751
2024-01-05,0.3906514873159788,0.11561507348897043,0.017240333847884762,0.19843279258672064,0.2780603127604454
2024-01-12,0.4225723241884184,0.17661939246805142,0.025941539977771457,0.10323776181138018,0.2716289815543786
2024-01-19,0.38274232634644223,0.19469557181050431,0.02337546666041159,0.07750139414929817,0.3216852410333438
2024-01-26,0.3762362817301853,0.19469306686111204,0.018082486858250646,0.0700236591475846,0.34096450540286743
2024-02-02,0.43615163559739706,0.18170075008996336,0.027945877710147334,0.094997589493595,0.2592041471088973
2024-02-09,0.46723385295614134,0.21416717100866256,0.04287971179420515,0.058574746683097687,0.21714451755789324
2024-02-16,0.40280781332366167,0.1328616524280731,0.017162352257021337,0.1665150652327604,0.28065311675848353
2024-02-23,0.3259357747016925,0.1025302493010873,0.030262119860567534,0.2571684023694459,0.2841034537672068
2024-03-01,0.250717715913771,0.1708149495014808,0.12916291352085893,0.3266573966434045,0.12264702442048492
2024-03-08,0.26991420833583407,0.11702453815445474,0.09609047138004823,0.3568756669839453,0.16009511514571764
2024-03-15,0.20168010115670895,0.15997345425857967,0.1817989389126809,0.4451006435552737,0.011446862116756787
2024-03-22,0.34374597383690436,0.12348669721736134,0.03453134475842407,0.22508093817801153,0.27315504600929863
2024-03-29,0.39151250373723673,0.1911443858728557,0.03800348440261011,0.10624482062774676,0.2730948053595506
2024-04-05,0.4279474878353894,0.20550292368797274,0.03910702149123262,0.07568230361941058,0.2517602633659948
2024-04-12,0.42089300301563926,0.183796660409332,0.02612054627052064,0.0918408062908463,0.27734898401366176
2024-04-19,0.3494186246294845,0.19021687254273656,0.06408775640524574,0.16149321679104975,0.23478352963148336
2024-04-26,0.20327196810600148,0.16255581474855854,0.1776212016390478,0.43332314412951073,0.02322787137688149
2024-05-03,0.23114454396131193,0.16801455141454388,0.1637656320636547,0.39436713034972787,0.042708142210761524
2024-05-10,0.39224551320265355,0.19956865434419432,0.0838529247334272,0.16948945126397563,0.15484345645574926
2024-05-17,0.38845688273976287,0.12087314247280301,0.018278406852550833,0.1918368409331239,0.28055472700175943
2024-05-24,0.33397090839526605,0.18833842788823282,0.12058078671473897,0.26376036740430225,0.09334950959745997
2024-05-31,0.42789224514681407,0.20369007478858334,0.035582932008891774,0.07278241920878034,0.26005232884693047
2024-06-07,0.44985133002963645,0.20764357153810273,0.03324965186278773,0.057199969885542545,0.2520554766839306
2024-06-14,0.3467039469957276,0.10208320721995759,0.010189822419043421,0.21924340246639973,0.32177962089887163
2024-06-21,0.34809962624446006,0.08965072737016681,0.009230872341401361,0.23823029122024428,0.3147884828237276
2024-06-28,0.33887470344021303,0.18564173206236392,0.018583318874466584,0.09457832778036855,0.3623219178425878
2024-07-05,0.417328161653079,0.1919280266670182,0.024524495887268467,0.07626157362251272,0.2899577421701216
2024-07-12,0.43219792219053943,0.18852340058570688,0.03465192289610452,0.0957588883042604,0.24886786602338876
2024-07-19,0.45974970319412595,0.21195690737348907,0.039385091441518874,0.05807821796963626,0.23083008002122982
2024-07-26,0.45812515082941824,0.17874260475263937,0.02185113442788888,0.08467997514499147,0.2566011348450621
2024-08-02,0.43654337015390915,0.20400449781012733,0.01767065891365998,0.03997874884993272,0.3018027242723709
2024-08-09,0.49665022079320253,0.22016363983100906,0.03826627207421581,0.034003909482458225,0.21091595781911426
2024-08-16,0.48726294381262014,0.21178506665021382,0.02620099880867471,0.029817333951427976,0.24493365677706352
2024-08-23,0.47990786099035554,0.21684737819747227,0.04500073634973878,0.05477891206536808,0.2034651123970654
2024-08-30,0.4446565323178455,0.19868701567060443,0.0392215730174001,0.08355970131397258,0.23387517768017746
2024-09-06,0.4377727942600108,0.17288421472745671,0.03323060862996607,0.11841314552479805,0.23769923685776836
2024-09-13,0.42523360279444894,0.1565351168799289,0.022450642560783576,0.13053228543483253,0.26524835233000604
2024-09-20,0.4293728247189284,0.16213870824089024,0.02174861869381113,0.11897376549562698,0.26776608285074316
2024-09-27,0.42200735094115804,0.13999894423849266,0.018209845687163974,0.15192068498402925,0.2678631741491561
2024-10-04,0.42949788444382714,0.20420123623090958,0.029573471308706162,0.061388208398944044,0.27533919961761316
2024-10-11,0.3726763026694124,0.1942192351643787,0.029092105898900582,0.09025990754138506,0.3137524487259234
2024-10-18,0.40446398411214796,0.1915841197182385,0.03177928725613512,0.092034682744551,0.28013792616892746
2024-10-25,0.33716319656896976,0.18399838011321648,0.014700126553780826,0.09116101349993029,0.3729772832641026
2024-11-01,0.3592340611281064,0.19104401176133717,0.04562260890628777,0.1266269096947938,0.27747240850947485
2024-11-08,0.42318055413516353,0.1864402131471399,0.028052384406434816,0.09014171938917949,0.27218512892208224
2024-11-15,0.4046945070978718,0.1693347849411609,0.02117452380173072,0.1114858872308214,0.29331029692841515
2024-11-22,0.38274813730167356,0.19553828750302707,0.01972926480856855,0.06991120397052751,0.33207310641620325
2024-11-29,0.37484815299703167,0.09765843230627445,0.007284768406157316,0.21539302175593572,0.30481562453460087
2024-12-06,0.3761749515244873,0.10536278167060462,0.0069647368233539345,0.20158271281284948,0.3099148171687046
2024-12-13,0.3624910052900269,0.08918711760016607,0.006145688339437244,0.23052625636749055,0.3116499324028791
2024-12-20,0.3964571283385982,0.1549311308031344,0.027875292206968157,0.1489374525503537,0.27179899610094554
2024-12-27,0.35187417085349526,0.17068990795203245,0.012372119723008206,0.10628617660753115,0.3587776248639327
2025-01-03,0.3960049408905561,0.19813446167880278,0.020517294480020678,0.06386884774668686,0.32147445520393353
2025-01-10,0.4112589967133316,0.17267692185149597,0.020106746357872383,0.10256490960274543,0.29339242547455474
2025-01-17,0.4246023383872259,0.18862143672110773,0.021071189433342127,0.07433371766644523,0.2913713177918791
2025-01-24,0.46200450448222397,0.21023919934102223,0.03109826179267456,0.046434444441220246,0.2502235899428591
2025-01-31,0.4207477519461303,0.14403826316088633,0.017895979545347395,0.14487622732507754,0.2724417780225585
2025-02-07,0.4108645255701713,0.13150937078026784,0.016463083502184683,0.1657809222494362,0.27538209789793994
2025-02-14,0.367242065314296,0.09647550119333323,0.014739509851187459,0.2317244261749932,0.2898184974661902
2025-02-21,0.3729014283267488,0.09348120007695813,0.008966113470170673,0.22571084040445588,0.2989404177216665
2025-02-28,0.4626660088199416,0.19688065724635107,0.034028614318565575,0.07372836990055785,0.23269634971458397
2025-03-07,0.22654675920242162,0.16688890572173823,0.16007172179889967,0.39105322517731306,0.05543938809962749
2025-03-14,0.23990262780888016,0.1690206260001046,0.1461800348394503,0.3609278569748098,0.08396885437675523
2025-03-21,0.30950054414089334,0.14881056931154213,0.06259619813099755,0.237715358963237,0.24137732945333001
2025-03-28,0.31707465221946235,0.12252882746246928,0.04907817825513286,0.2573585749246605,0.25395976713827506
2025-04-04,0.22248695133080354,0.16611495638265297,0.15943862859252403,0.39220514337091156,0.05975432032310796
2025-04-11,0.1975112288496036,0.1615959949087679,0.1876444626922292,0.4532072389059872,4.10746434120998e-05
2025-04-18,0.20903224771871237,0.16378334326499988,0.17899165217466198,0.43226999330668137,0.01592276353494435
2025-04-25,0.2386326949501082,0.16939709385174628,0.16000584222366648,0.38397940873061226,0.047984960243866774
2025-05-02,0.38233827815909277,0.1966356699972991,0.0727577676667869,0.15789655155070076,0.19037173262612042
2025-05-09,0.43767820765648685,0.18553193265753293,0.03942433381192573,0.10762768606588974,0.22973783980816487
2025-05-16,0.4061625050376832,0.13599828122572485,0.015595185399015384,0.15782273187869808,0.2844212964588785
2025-05-23,0.41628448976419824,0.14670878912118615,0.02046615600041149,0.1457427909180287,0.27079777419617546
2025-05-30,0.3850884546466468,0.11726768328724692,0.015127039223690792,0.19333629821043563,0.2891805246319799
2025-06-06,0.37551578501957256,0.10037937885536354,0.010864159473794661,0.21671913012387187,0.2965215465273974
2025-06-13,0.3563869674335051,0.12144579665076324,0.030829709100919672,0.21938547841745226,0.2719520483973597
2025-06-20,0.32507275249275647,0.11402736369489735,0.01202855102555661,0.20715585156857547,0.34171548121821393
2025-06-27,0.3390811297430303,0.0776762992946273,0.013542110311917684,0.26772636492895296,0.30197409572147177
2025-07-04,0.3419955375479575,0.07811030083970592,0.014749356322517,0.26837800279966056,0.2967668024901591
2025-07-11,0.35935039437943156,0.13457193640095633,0.01650984887822299,0.17238641908831298,0.31718140125307603
2025-07-18,0.36222110158907567,0.09540402283327536,0.008959703341213602,0.22488536877427143,0.30852980346216397
2025-07-25,0.3576050622206121,0.0957959565262542,0.00850580435247557,0.22450426573637916,0.313588911164279
2025-08-01,0.37791428813810957,0.10950386345097222,0.009298016791623722,0.19816667149142092,0.3051171601278735
2025-08-08,0.3950470986743557,0.12177827453325656,0.013285131097172252,0.1803688903706949,0.2895206053245205
2025-08-15,0.39850295021810955,0.11733320761554313,0.01256852718479913,0.1858544282866428,0.2857408866949054
2025-08-22,0.3971805709667295,0.11662598153154362,0.011896119005077902,0.18620677340182387,0.2880905550948252
2025-08-29,0.3808474073802908,0.11547283522286743,0.01968051368884085,0.20502484459785794,0.27897439911014293
2025-09-05,0.39039798437610074,0.11374874566122455,0.011883504162274622,0.19256635566822972,0.29140341013217047
2025-09-12,0.3973132615145203,0.1186369443897335,0.013364115537963385,0.18527613124456227,0.2854095473132206
2025-09-19,0.40040916445865066,0.12206220465569839,0.013796974302566822,0.17954127921269053,0.2841903773703937
2025-09-26,0.4253508920630487,0.1886401789258715,0.026917759671719117,0.08402651244244796,0.2750646568969127
2025-10-03,0.4014011904284559,0.12174687038507301,0.01372550471969819,0.17972614910433649,0.28340028536243644
2025-10-10,0.4436480999031982,0.19475196426760377,0.02968007627587053,0.07426483669970824,0.25765502285361913
2025-10-17,0.43058858945451073,0.18216434153614044,0.028941570974032865,0.09716374199710646,0.2611417560382094
2025-10-24,0.41081893911616657,0.15157306025461975,0.021577425643188198,0.14067525682773252,0.27535531815829295
2025-10-31,0.3963454119863451,0.14473162423741529,0.018398328227196222,0.1500927087843239,0.2904319267647196
2025-11-07,0.40932268435070746,0.13988773070817676,0.016874188461218194,0.1527239073812233,0.2811914890986743
2025-11-14,0.3901905459669068,0.13406162927773224,0.01633732276561861,0.1659601548833013,0.2934503471064412
2025-11-21,0.3672486584218588,0.1869867654951555,0.04313110838672325,0.12742230550996667,0.2752111621862956
2025-11-28,0.404568036159335,0.13752601527509734,0.01794723083505941,0.15959316647848296,0.2803655512520251
2025-12-05,0.4073550198815011,0.13454991103143682,0.019941412076246525,0.1673452660091829,0.27080839100163273
2025-12-12,0.4064198924521194,0.13366467872654395,0.020947982945216916,0.1707507329647887,0.268216712911331
2025-12-19,0.3879351711829756,0.11701215261156124,0.018284591290374668,0.19846437723571841,0.2783037076793701
2025-12-26,0.37954835335036025,0.10552197321244859,0.017487491576190495,0.21835735228630743,0.2790848295746932
2026-01-02,0.42400216235986,0.1727641317888495,0.030223616556187678,0.11664916760276685,0.25636092169233593
2026-01-09,0.39622367402797176,0.11917187526890613,0.0137613300964295,0.18529501637599352,0.2855481042306991
2026-01-16,0.39175874915114767,0.11062316346221909,0.011305726074796263,0.19654096434455554,0.28977139696728144
2026-01-23,0.39807899258997154,0.11838180138388418,0.012703772397110668,0.18441445832644374,0.28642097530259
2026-01-30,0.40749697623815334,0.13127403690441652,0.01988226034584596,0.17272688360332303,0.26861984290826124
2026-02-06,0.42215788166548623,0.156145481079331,0.02717201786441917,0.139875486567578,0.25464913282318563
2026-02-13,0.4348639406800116,0.161569976782453,0.026750773254944744,0.12715098104479122,0.24966432823779944
2026-02-20,0.43716855459853166,0.16658201163869923,0.023330717206324778,0.11240447917362134,0.2605142373828231
2026-02-27,0.43688148151884854,0.1760198150462285,0.025467839275807605,0.10020061270192636,0.26143025145718896
2026-03-06,0.27582799160500493,0.17474773878493646,0.0605656995803857,0.1982575726750457,0.29060099735462724
2026-03-13,0.23318916166211773,0.16683901700136916,0.12697180723497503,0.3336163867700844,0.13938362733145365
2026-03-20,0.2821394881086405,0.16112633473311813,0.050080732702301435,0.20201017807012914,0.3046432663858109
2026-03-27,0.23898755155564,0.16785927102011466,0.11590812090004618,0.31186133297759644,0.16538372354660277
2026-04-03,0.28679560802823684,0.16337034736486614,0.04463767838086282,0.1879660572648117,0.3172303089612225
2026-04-10,0.3033180991183724,0.13021487915291752,0.03442662678220899,0.2227462691206476,0.3092941258258535
2026-04-17,0.3488226344135514,0.08928575761293944,0.011022545830861678,0.2417126837977659,0.30915637834488163
2026-04-24,0.331062420477221,0.09692740624260217,0.013715635010724012,0.23743510815057212,0.32085943011888063
2026-05-01,0.3257511324716316,0.09863907179544763,0.021630134730094112,0.24915204474195043,0.3048276162608762
2026-05-08,0.33292189980376063,0.09541393481254591,0.008284201564965805,0.2303693617780799,0.3330106020406479
2026-05-15,0.3422348138604004,0.10558416189282273,0.007196088753290402,0.20929779108193555,0.3356871444115508
2026-05-22,0.3463994691503811,0.10573155362452734,0.011079514102823566,0.2146772102943252,0.3221122528279428
2026-05-29,0.4323188636250637,0.19059297763597083,0.029636490068100194,0.08376042078486676,0.2636912478859985
2026-06-05,0.4467105568808307,0.19306830750068874,0.027760263253792213,0.07315543336992822,0.25930543899476005
2026-06-12,0.47093929510668886,0.21424493058022434,0.03710261466743035,0.04782711191920081,0.22988604772645566
2026-06-19,0.4293699457604698,0.1765244245438736,0.02778039986798883,0.10496807824859619,0.2613571515790717
2026-06-26,0.3788278630241028,0.12910294671747008,0.015361893315014889,0.17523241381743415,0.30147488312597803
2026-07-03,0.37727682534056656,0.10960504504997502,0.015240539204246362,0.20819737401833105,0.289680216386881
2026-07-10,0.44378112184246493,0.17208012255616184,0.02297104691812558,0.101042013310615,0.2601256953726327
2026-07-17,0.4046591078187047,0.12878588722470924,0.016619598188871692,0.17203704901384972,0.27789835775386457
2026-07-24,0.4093660744941785,0.13805677404960898,0.017067313952360726,0.15612273494502443,0.2793871025588273
2026-07-31,0.42229935757464804,0.14289626274407674,0.018309880938418847,0.14714702956641404,0.26934746917644226
2026-08-07,0.4156479921540776,0.1397897243154995,0.022136902669902776,0.1603605871398013,0.2620647937207188
2026-08-14,0.40886100609093357,0.1245334221438584,0.014807927795026002,0.1751760620729135,0.2766215818972685
