,US 1-3Y GOVT,US 5Y GOVT,US 10Y GOVT,US 30Y GOVT
2010-08-06,0.30476605905204934,0.31985427896729124,0.285986965800637,0.08939269618002242
2010-08-13,0.32359210440918057,0.3161545491426536,0.2752757197620521,0.08497762668611371
2010-08-20,0.3282452533404697,0.32515316740364275,0.2782011426333109,0.06840043662257672
2010-08-27,0.37397346513130525,0.2959243865002601,0.23913436757003464,0.09096778079839993
2010-09-03,0.330084996766921,0.32584309339911194,0.274149322776258,0.0699225870577092
2010-09-10,0.2057864451638688,0.32396515561581907,0.328580070213023,0.14166832900728907
2010-09-17,0.3203603071995395,0.33736119588686997,0.282790020305431,0.05948847660815964
2010-09-24,0.0031590121219242607,0.13518775799590568,0.29394752162950644,0.5677057082526636
2010-10-01,0.2628162367557374,0.3825109634828179,0.32388792664376115,0.03078487311768358
2010-10-08,0.2016000347456921,0.35261835601608577,0.3381743734661223,0.10760723577209994
2010-10-15,0.547771247224119,0.19109526756820763,0.10317411895639599,0.1579593662512774
2010-10-22,0.32437480707841054,0.3305692179530458,0.28094417558270907,0.06411179938583474
2010-10-29,0.32334953905840624,0.33074545428223756,0.28433038751529577,0.061574619144060365
2010-11-05,0.2309241637448671,0.38514081910554127,0.3519277726471087,0.032007244502482775
2010-11-12,0.44845439749052884,0.24735543314386657,0.1774496359303278,0.12674053343527683
2010-11-19,0.26080370480837267,0.385558270136712,0.3300007655354314,0.023637259519483873
2010-11-26,0.253612624303598,0.38786672404003697,0.3361652119422418,0.022355439714123213
2010-12-03,0.21466186852218425,0.40342447981670665,0.36873586391154944,0.01317778774955963
2010-12-10,0.36296053658480887,0.29141476605506367,0.24254991693069317,0.1030747804294344
2010-12-17,0.4011992565169713,0.2629625115506451,0.20191000676651663,0.13392822516586705
2010-12-24,0.2557983400872788,0.3914326029701774,0.33478538600609575,0.01798367093644799
2010-12-31,0.24735003471369676,0.39287444956952505,0.34090066122145257,0.018874854495325607
2011-01-07,0.2386943161683185,0.39700672757029176,0.34917251769099594,0.01512643857039377
2011-01-14,0.23043388268865336,0.3946293508920864,0.3523488604815721,0.022587905937688092
2011-01-21,0.2154635002994949,0.3985804346081233,0.3644210171064297,0.021535047985951936
2011-01-28,0.23419226817866715,0.3933784487232442,0.3512718216679931,0.021157461430095528
2011-02-04,0.19708466836332056,0.4006513411164813,0.37848793212147175,0.023776058398726364
2011-02-11,0.2082406767629583,0.40261805050386384,0.37279487829306324,0.01634639444011471
2011-02-18,0.21311976252141035,0.3985298579354855,0.36751457329306647,0.020835806250037593
2011-02-25,0.27587756959971954,0.3532060584738569,0.31486953756084735,0.056046834365576205
2011-03-04,0.2290708282540329,0.387063722574507,0.3521848362885609,0.03168061288289917
2011-03-11,0.23637646847907193,0.37909359395671094,0.348498794909008,0.03603114265520908
2011-03-18,0.5161201347996967,0.19144379388404043,0.11303744952043196,0.1793986217958309
2011-03-25,0.22548592643626392,0.3877941338100389,0.3574112843913521,0.02930865536234503
2011-04-01,0.2547684602603152,0.39432824206256184,0.3377913577416154,0.013111939935507497
2011-04-08,0.29012969121781623,0.3912876390068922,0.31415144829200803,0.004431221483283564
2011-04-15,0.289318942049403,0.3862537367553496,0.31087679621241393,0.013550524982833396
2011-04-22,0.2856762510650907,0.3781023081127078,0.30694865214121236,0.029272788680989165
2011-04-29,0.28159062499351784,0.3815198648878349,0.3119415217160781,0.024947988402569243
2011-05-06,0.26364024664748587,0.3990538433089558,0.3357910986914957,0.001514811352062605
2011-05-13,0.2509874183354448,0.4014391010883991,0.34527140478927915,0.002302075786876932
2011-05-20,0.21378882316725878,0.4069206520467309,0.37193581740544235,0.007354707380567991
2011-05-27,0.23012782694386064,0.4033228473427934,0.3601476574147168,0.0064016682986291415
2011-06-03,0.2085167677118942,0.4009619395381598,0.3715162615696295,0.019005031180316403
2011-06-10,0.21366852568684028,0.39541421171312996,0.3670139708567884,0.02390329174324137
2011-06-17,0.3384331398110963,0.3226389045018269,0.26861127821061415,0.0703166774764627
2011-06-24,0.2342188839854884,0.3886227953087039,0.3539712226232558,0.023187098082551944
2011-07-01,0.20648501184811685,0.40490823877748017,0.3754757625045702,0.013130986869832733
2011-07-08,0.21077076188670113,0.4046877294564507,0.3721203762977626,0.012421132359085525
2011-07-15,0.21366347635232533,0.3925501912922746,0.36656957065775164,0.02721676169764847
2011-07-22,0.1972750207979992,0.39240527167151373,0.3745336308193844,0.035786076711102746
2011-07-29,0.5098644506816126,0.22210910377385132,0.134905357045918,0.13312108849861812
2011-08-05,0.3706230892494476,0.15428692881737543,0.1508379314436837,0.32425205048949324
2011-08-12,0.001743765091587126,0.13142966262668185,0.2919824347982231,0.5748441374835079
2011-08-19,0.048499769730308694,0.165355666253545,0.2895566873693215,0.4965878766468248
2011-08-26,0.0750350436836634,0.1840665446037308,0.28790935512758997,0.4529890565850159
2011-09-02,0.5311819491909728,0.1846228650053321,0.1012075460462223,0.18298763975747276
2011-09-09,0.3077747494455612,0.2609531296010103,0.2301454325100472,0.20112668844338125
2011-09-16,0.4474643682361625,0.2520798296402622,0.16945042032946145,0.13100538179411378
2011-09-23,0.32556742445134645,0.36478162936889874,0.2743942931319085,0.03525665304784634
2011-09-30,0.23347122089472408,0.2925177761066683,0.2764427398153288,0.1975682631832789
2011-10-07,0.2797971080380713,0.22752146187524003,0.22485104936929273,0.26783038071739595
2011-10-14,0.24738264114668718,0.3746473037362588,0.3380203298679326,0.03994972524912131
2011-10-21,0.39871174133199616,0.21151905268375998,0.1708574657300623,0.21891174025418164
2011-10-28,0.26987934918043277,0.2993136817543243,0.27165405162041,0.15915291744483287
2011-11-04,0.35306095937115406,0.336872918967392,0.25130157908161305,0.058764542579840776
2011-11-11,0.40910076261027795,0.26845631626934946,0.2043374095489062,0.11810551157146636
2011-11-18,0.3956878318362666,0.28116396043770275,0.21875829455973625,0.10438991316629437
2011-11-25,0.3102866477110065,0.3510513887741297,0.2895124910332362,0.04914947248162764
2011-12-02,0.335620619707382,0.3592259938757212,0.2674637494967053,0.037689636920191574
2011-12-09,0.40141749817469735,0.2989446605408492,0.21014949928331983,0.0894883420011336
2011-12-16,0.2834551001512302,0.3862769949067744,0.3143856045734477,0.01588230036854762
2011-12-23,0.30605059710566707,0.35548946736474113,0.27810010717992967,0.06035982834966213
2011-12-30,0.3292630930665941,0.37407195590125486,0.2785467330782207,0.018118217953930347
2012-01-06,0.21841873134887488,0.4061523670946319,0.36848287172403,0.006946029832463188
2012-01-13,0.2634939610842919,0.3896491041492869,0.3294685991811395,0.017388335585281803
2012-01-20,0.32956740436390547,0.3688607206041498,0.2747575985674216,0.026814276464523234
2012-01-27,0.313856562107531,0.3602462993607576,0.2770355352167558,0.04886160331495564
2012-02-03,0.30089283748062384,0.35808245951954165,0.28316984282579527,0.05785486017403914
2012-02-10,0.26903235373223505,0.38730550072972214,0.323887756748099,0.019774388789943743
2012-02-17,0.3243378258171903,0.38287585294039644,0.2875043419371053,0.005281979305308072
2012-02-24,0.3420227370023788,0.3816977026163593,0.27600631255829755,0.0002732478229643873
2012-03-02,0.3418876443728445,0.3816875599169613,0.2760794231422187,0.0003453725679755365
2012-03-09,0.34150536837371415,0.38131424801004893,0.27602861917943683,0.0011517644368000495
2012-03-16,0.3393163848558802,0.3797229151780821,0.2761450847482167,0.004815615217821013
2012-03-23,0.33508740243446744,0.3765949465445707,0.2763304402570711,0.011987210763890832
2012-03-30,0.3244406674852463,0.36852171620677343,0.27672464132974417,0.03031297497823619
2012-04-06,0.21634759024207328,0.40274221391224757,0.366927062920296,0.01398313292538317
2012-04-13,0.22097578177307076,0.40545120371821075,0.36710283985676756,0.006470174651950902
2012-04-20,0.31853318551053955,0.3608348497655803,0.27532920144682077,0.045302763277059434
2012-04-27,0.33069901024330944,0.37210692144627505,0.2759083865402658,0.021285681770149778
2012-05-04,0.3223684849441793,0.36324358769250703,0.27632519212169737,0.038062735241616304
2012-05-11,0.3352709532594415,0.3451147433104727,0.26157803837225846,0.05803626505782735
2012-05-18,0.36221890738617735,0.36035917954408475,0.25871348766060714,0.01870842540913085
2012-05-25,0.33817668627201647,0.3812889912687521,0.27811469177127135,0.0024196306879600183
2012-06-01,0.32463318163565874,0.38556752660498256,0.2892785176510045,0.0005207741083542432
2012-06-08,0.3374566398837753,0.38035589860651836,0.27772828798337057,0.004459173526335868
2012-06-15,0.3220211093582584,0.3669845541151814,0.27694371990651245,0.03405061662004785
2012-06-22,0.32155715110807714,0.3665746721355694,0.2769312599364499,0.03493691681990349
2012-06-29,0.27766980529819174,0.38823355554517275,0.31932632286133833,0.014770316295297254
2012-07-06,0.310709331891053,0.3708121195085484,0.2867198231045953,0.03175872549580321
2012-07-13,0.32598328069225374,0.3690463927714798,0.27633257771569747,0.02863774882056889
2012-07-20,0.33089355772114415,0.37346202272029977,0.27650318599385676,0.019141233564699336
2012-07-27,0.33123507442317457,0.37322376394879037,0.27624301816780333,0.019298143460231752
2012-08-03,0.23037309119727004,0.39260325024404175,0.3509823092062269,0.026041349352461322
2012-08-10,0.3136043679157371,0.36714324327495,0.28209168486201813,0.037160703947294885
2012-08-17,0.20466627484890784,0.2806649020935768,0.2824499095420397,0.23221891351547572
2012-08-24,0.32785071383887626,0.37133479980506046,0.27671691957446515,0.024097566781598294
2012-08-31,0.3245623920553717,0.3688467805046288,0.2768210024420149,0.029769824997984678
2012-09-07,0.2958560231700548,0.3477192593921588,0.2781615263522658,0.07826319108552048
2012-09-14,0.2455380785719907,0.3106208168710248,0.2804793103930976,0.16336179416388694
2012-09-21,0.3363405689039944,0.37753756145380035,0.27628725547823596,0.009834614163969278
2012-09-28,0.3230061351082859,0.36770950816275144,0.27689771494335275,0.03238664178560989
2012-10-05,0.3257134061773324,0.36970063368472184,0.27677059661190606,0.027815363526039798
2012-10-12,0.31581635859068385,0.3785608984628385,0.2893019072026855,0.01632083574379219
2012-10-19,0.3227923087603922,0.3592027673610909,0.27318923278987023,0.04481569108864661
2012-10-26,0.32135753375807924,0.3713162013877261,0.2805783632636583,0.02674790159053636
2012-11-02,0.37621048969409043,0.3195358670315031,0.2324022397600414,0.0718514035143651
2012-11-09,0.395373400507758,0.3003781860997188,0.213376134716809,0.09087227867571422
2012-11-16,0.32708026762951475,0.37052780005675645,0.27689305291491223,0.025498879398816725
2012-11-23,0.3076033977363511,0.38201431899026916,0.297264084467567,0.01311819880581266
2012-11-30,0.328397860865276,0.3667333144948333,0.2741795958947101,0.03068922874518071
2012-12-07,0.339520519905864,0.3751943146644897,0.2738105320356866,0.011474633393959635
2012-12-14,0.3140867711326346,0.37873195382315955,0.2909614958363502,0.016219779207855698
2012-12-21,0.2763657243579878,0.3736821037296442,0.3142351894542629,0.03571698245810508
2012-12-28,0.33083225559436996,0.3733706014744821,0.27974892981045646,0.016048213120691546
2013-01-04,0.3336107115187316,0.383281403385733,0.2822606994698704,0.0008471856256649469
2013-01-11,0.33982747329017016,0.3818619533501219,0.27744207527567194,0.0008684980840360587
2013-01-18,0.3385242926612162,0.3815317400879165,0.277986702626335,0.0019572646245322126
2013-01-25,0.2553574657624588,0.39762665580235707,0.3396910720880959,0.007324806347088189
2013-02-01,0.24068215589914843,0.39981882053198736,0.35006316696081796,0.009435856608046226
2013-02-08,0.22764195010276733,0.39777105150492614,0.35836633377315824,0.016220664619148256
2013-02-15,0.22678902708801887,0.3983769492731859,0.35892180893236714,0.01591221470642809
2013-02-22,0.24608473206576684,0.38049745387418826,0.3430329387738992,0.030384875286145748
2013-03-01,0.3280087135015166,0.33744893377577356,0.2798565854243026,0.05468576729840729
2013-03-08,0.31839983328831134,0.36089414958559796,0.2813389889532717,0.03936702817281905
2013-03-15,0.3436393476864302,0.34498077411945327,0.25702202747115344,0.054357850722963154
2013-03-22,0.39690730037472527,0.2870029897038518,0.20605896150346387,0.11003074841795914
2013-03-29,0.3371477221106327,0.32751679859691746,0.26697391235866597,0.06836156693378398
2013-04-05,0.23987819600411892,0.3723622551839395,0.34214216579315043,0.04561738301879118
2013-04-12,0.2306057722987482,0.39279496152916415,0.3547857959953888,0.02181347017669884
2013-04-19,0.32829369242792367,0.361227583387217,0.27939773741174756,0.031080986773111795
2013-04-26,0.34991589844788173,0.3583417155791996,0.26110193231828166,0.03064045365463698
2013-05-03,0.3518428831658995,0.316153208979419,0.24486545241640303,0.08713845543827833
2013-05-10,0.23637679487090854,0.3971879299583028,0.3508964513340388,0.015538823836749732
2013-05-17,0.2686776510912605,0.3761216064226499,0.3157902850350756,0.039410457451014
2013-05-24,0.1360925028132397,0.14012942790270555,0.2407262842714759,0.4830517850125789
2013-05-31,0.4799113832091647,0.22154527901002252,0.140714265524077,0.15782907225673576
2013-06-07,0.4532446329055719,0.24954912049040667,0.17907532567147538,0.11813092093254611
2013-06-14,0.5525967914751915,0.19175978178012104,0.10179823555023002,0.15384519119445747
2013-06-21,0.5992937499320702,0.15011279163084373,0.055672528236680605,0.1949209302004055
2013-06-28,0.6100197057410207,0.14211770650670127,0.04561219008173723,0.20225039767054082
2013-07-05,0.28516619050497,0.3550881899207099,0.31140527491597764,0.04834034465834243
2013-07-12,0.3218359063202029,0.33324151813016006,0.27582751409542344,0.06909506145421354
2013-07-19,0.25462608915418616,0.3711386331698895,0.3348840042639064,0.039351273412017836
2013-07-26,0.20724752408737424,0.3937989251160209,0.3713501925691332,0.027603358227471616
2013-08-02,0.22209129587677498,0.37961437793870567,0.3572441960565009,0.041050130128018544
2013-08-09,0.4054437054870907,0.2313960786945809,0.17829324252768783,0.18486697329064053
2013-08-16,0.22727529353626902,0.3857421274588494,0.35797351669525346,0.029009062309628086
2013-08-23,0.3046183257975418,0.33627747970795885,0.2941577774659285,0.06494641702857087
2013-08-30,0.3781117377705645,0.2934832520359606,0.23761505159994312,0.09078995859353173
2013-09-06,0.3301648584951097,0.3247245888205982,0.27414959389517607,0.0709609587891162
2013-09-13,0.23799088116256062,0.3792011540016921,0.3475093916257721,0.035298573209975155
2013-09-20,0.2303229599020572,0.3757365881068498,0.349146338416255,0.04479411357483796
2013-09-27,0.2161294213829699,0.3807409412593628,0.3576049702127661,0.04552466714490115
2013-10-04,0.35626568848173107,0.28527857105434345,0.2406555171014153,0.1178002233625102
2013-10-11,0.42935683221561016,0.24216876025378078,0.1818244013170443,0.1466500062135648
2013-10-18,0.31459491320806016,0.33056111227397095,0.28658050382150246,0.06826347069646652
2013-10-25,0.21008260561237824,0.39521942816122785,0.3696489243579666,0.02504904186842722
2013-11-01,0.2179624249974743,0.39559402352117007,0.3661447174820911,0.02029883399926444
2013-11-08,0.21122256667452308,0.40042313160186227,0.3724474708756476,0.015906830847967
2013-11-15,0.20891964842567265,0.4043255437985722,0.37312868370835206,0.013626124067403142
2013-11-22,0.22226086844440263,0.39661204623238894,0.36198959938505754,0.01913748593815088
2013-11-29,0.22406871339009748,0.39959781909421593,0.3611762669426145,0.015157200573072049
2013-12-06,0.24871496208583824,0.38818863354371613,0.3397651350546325,0.023331269315813145
2013-12-13,0.2647295961506534,0.36660445110483925,0.32357409379016144,0.045091858954345906
2013-12-20,0.28734713423544184,0.3520025500078898,0.3073713993193085,0.05327891643735971
2013-12-27,0.220038602924031,0.39612664217246735,0.36320283118789,0.020631923715611587
2014-01-03,0.2497303214965828,0.3702815358187012,0.3376929326829754,0.04229521000174056
2014-01-10,0.22576273230183416,0.38847621355141077,0.35918584793760666,0.02657520620914848
2014-01-17,0.21408333640621977,0.3980277619650017,0.37015873116919723,0.017730170459581234
2014-01-24,0.29384845127566256,0.35300068790414024,0.3084674025968435,0.044683458223353754
2014-01-31,0.4996031331624424,0.2293639387665081,0.14325371196462927,0.12777921610642023
2014-02-07,0.5101339435701142,0.210720456749408,0.13003297581872872,0.1491126238617492
2014-02-14,0.27015420533642087,0.35684502532850426,0.3221428051658097,0.05085796416926532
2014-02-21,0.2820972130075884,0.35041003092475925,0.31245355763234023,0.05503919843531215
2014-02-28,0.23010349179644488,0.3752141181010018,0.34965672513297974,0.04502566496957358
2014-03-07,0.24631281697544485,0.3685779359107789,0.33701053968699435,0.04809870742678184
2014-03-14,0.33994532088139956,0.30610367212143114,0.2574931655211717,0.09645784147599756
2014-03-21,0.2689176743778739,0.36090527186017984,0.32448231009370515,0.04569474366824116
2014-03-28,0.2568104694763535,0.36953069932506033,0.33421317238892706,0.039445658809659154
2014-04-04,0.21700046115802205,0.39569408532087486,0.3677154583612455,0.019589995159857623
2014-04-11,0.3190841992831349,0.3252099629916227,0.2804099431782559,0.07529589454698639
2014-04-18,0.2491933168229996,0.3683302948250726,0.33712435544084657,0.04535203291108112
2014-04-25,0.37120850005248845,0.2823530117700906,0.2243696473457713,0.12206884083164965
2014-05-02,0.2214768948035703,0.38814865250612246,0.36007010099548437,0.030304351694822828
2014-05-09,0.21169430124406735,0.39820862099194154,0.37057954781190466,0.01951752995208629
2014-05-16,0.20003872253318727,0.4075399323746313,0.38030299277727914,0.01211835231490229
2014-05-23,0.22326847869864894,0.3923941985634978,0.36067534155869047,0.023661981179162832
2014-05-30,0.20908643033269086,0.40520251540781754,0.3743807949794311,0.01133025928006041
2014-06-06,0.20496004357645384,0.4042307217199726,0.37658459994202664,0.014224634761546853
2014-06-13,0.20660667469801416,0.4013689065518322,0.37450733470930664,0.017517084040846946
2014-06-20,0.20703077645705179,0.399631934017931,0.3735783345291673,0.0197589549958498
2014-06-27,0.2124820756652383,0.3954794608757686,0.36752942715107306,0.024509036307920125
2014-07-04,0.20545182810870005,0.4013430454140946,0.3732036337145751,0.020001492762630184
2014-07-11,0.21507815135582603,0.39750040769727824,0.36662005889710175,0.020801382049793985
2014-07-18,0.22747268654732,0.3906824592121982,0.35692983346744495,0.02491502077303692
2014-07-25,0.22350294111267505,0.3968521809080667,0.3620933521845797,0.017551525794678516
2014-08-01,0.31815249553422115,0.3371167191439075,0.28480522175644213,0.059925563565429295
2014-08-08,0.29788594799203144,0.3498277543201608,0.30182358029117284,0.050462717396635076
2014-08-15,0.22518829260940093,0.3978615712182662,0.36011295021400813,0.0168371859583247
2014-08-22,0.24026201409382653,0.39128883521350943,0.34742766863667707,0.0210214820559871
2014-08-29,0.22092914340238595,0.4011821832878756,0.3639290138026021,0.013959659507136249
2014-09-05,0.2100961602927766,0.4035516720604407,0.3721488013212885,0.014203366325494245
2014-09-12,0.23069171117691756,0.39453642367576786,0.3559063808552394,0.018865484292075223
2014-09-19,0.23017940546931234,0.39524943852304417,0.3555717213552781,0.018999434652365584
2014-09-26,0.2516795726456441,0.38273555119887376,0.33845096981044337,0.02713390634503877
2014-10-03,0.2495703523321567,0.3820158504720857,0.33886998520888256,0.02954381198687519
2014-10-10,0.2918675164151188,0.34954657051530463,0.30610411953971506,0.052481793529861445
2014-10-17,0.49374937203811153,0.21977035983726714,0.13597117707948578,0.1505090910451356
2014-10-24,0.2645399972643828,0.3661344176325927,0.3275899995190698,0.04173558558395469
2014-10-31,0.21662372819658193,0.39792516379390347,0.36561370278684086,0.019837405222673736
2014-11-07,0.26115273785149085,0.394227671689613,0.3344043669540531,0.010215223504843097
2014-11-14,0.30214513385095176,0.3885443855463318,0.3050453717616007,0.0042651088411157475
2014-11-21,0.3066017278797556,0.38718074640026173,0.30149198963890594,0.004725536081076704
2014-11-28,0.23275241358324886,0.39995152097708875,0.35497753592208403,0.012318529517578359
2014-12-05,0.24344850398894458,0.3980499851483421,0.3475617037100154,0.010939807152697822
2014-12-12,0.28321268606888794,0.35349278265768963,0.3087470229611774,0.054547508312244974
2014-12-19,0.2366891095544541,0.38562018396345565,0.3511253575971746,0.02656534888491567
2014-12-26,0.21042098822719654,0.401316652441937,0.37236222708389477,0.01590013224697166
2015-01-02,0.2607974445526554,0.37989753138320737,0.335246042084072,0.024058981980065338
2015-01-09,0.24809749675011705,0.3912973231566338,0.34660424619321706,0.014000933900032254
2015-01-16,0.20039495484063488,0.4001295805389763,0.37982326526453214,0.01965219935585671
2015-01-23,0.18856859884594124,0.416342721604958,0.39372467832649166,0.0013640012226090613
2015-01-30,0.23196252312085627,0.4020324333786879,0.3600168201950739,0.0059882233053819844
2015-02-06,0.2779093935745417,0.38046957236048806,0.3229924054287666,0.018628628636203633
2015-02-13,0.21656001158778856,0.40061568765947475,0.36854076109048794,0.014283539662248676
2015-02-20,0.197392479867533,0.4028798235018027,0.3791327637844064,0.02059493284625777
2015-02-27,0.20910306422642766,0.4014486555107237,0.37083518136963267,0.01861309889321609
2015-03-06,0.11717588290240046,0.3083174500170355,0.35575485531716644,0.21875181176339759
2015-03-13,0.22257764230445837,0.40451675681350735,0.3664109000602997,0.006494700821734584
2015-03-20,0.20452402488184088,0.40791528291342005,0.37982441762114405,0.007736274583595023
2015-03-27,0.21325722112063764,0.4042861878480778,0.3724998619610845,0.009956729070200116
2015-04-03,0.20357986381893023,0.4011608648002117,0.37554957517049886,0.019709696210359267
2015-04-10,0.20275634324985797,0.4030376340834498,0.37536316544723447,0.018842857219457762
2015-04-17,0.19705376954036302,0.40498445213424045,0.380268685584036,0.01769309274136058
2015-04-24,0.19677344127318672,0.40276470370978307,0.3787328453748766,0.021729009642153626
2015-05-01,0.20125920050244203,0.40292740438385144,0.3764232413811574,0.019390153732548997
2015-05-08,0.20279662652676064,0.3841607310583834,0.3610609558838939,0.051981686530962065
2015-05-15,0.20047891896317882,0.3980640641877581,0.3727579675665569,0.028699049282506064
2015-05-22,0.21340519366529512,0.4001680615996575,0.3677416058717131,0.018685138863334224
2015-05-29,0.22190702386053798,0.39452673191061555,0.3609688427349965,0.02259740149384992
2015-06-05,0.24794859449918963,0.38911708880636053,0.34132082319731416,0.021613493497135754
2015-06-12,0.23927254768139872,0.3862695509808202,0.3476937068920903,0.02676419444569078
2015-06-19,0.20743233778868964,0.39367655805611385,0.36709876557735227,0.031792338577844165
2015-06-26,0.20179337618791027,0.3958424484682076,0.3734404370292817,0.02892373831460044
2015-07-03,0.5289932563089789,0.19746514332858456,0.1132331278367254,0.16030847252571123
2015-07-10,0.5235604456801922,0.2009860562302472,0.11294917200036692,0.16250432608919377
2015-07-17,0.2238332906141329,0.4023206713900002,0.36467473420070656,0.00917130379516027
2015-07-24,0.2247603078315782,0.39957815296654625,0.3629623718081199,0.01269916739375567
2015-07-31,0.21496574850347225,0.39923167226615164,0.36810252447859787,0.017700054751778216
2015-08-07,0.2297641269834327,0.38866295423649116,0.3544906072949565,0.027082311485119526
2015-08-14,0.21390774676263577,0.37539789277215035,0.3522256379855886,0.05846872247962522
2015-08-21,0.28855030806608806,0.2192809428085012,0.22035880462145832,0.27180994450395257
2015-08-28,0.006788421531024011,0.13513916288542363,0.29174521168995354,0.5663272038935988
2015-09-04,0.5039077458492515,0.16997432950117222,0.10340806926976494,0.22270985537981147
2015-09-11,0.49340458961242817,0.17476676199107266,0.11028193237220027,0.22154671602429887
2015-09-18,0.5483921498137742,0.15458613624449624,0.07987816445672818,0.2171435494850013
2015-09-25,0.42204176214550865,0.2635751504162601,0.19653988743446704,0.1178432000037642
2015-10-02,0.47070479942285987,0.18678088110109856,0.12754365801170667,0.21497066146433486
2015-10-09,0.23497063519209335,0.3737220073180207,0.34513822043880793,0.04616913705107809
2015-10-16,0.21220791794680952,0.3970243195185544,0.3662107037800932,0.024557058754542917
2015-10-23,0.19572014737066848,0.4054405588495177,0.38173122041605245,0.017108073363761377
2015-10-30,0.19946331559974953,0.4041992142498737,0.37998444250031777,0.016353027650058867
2015-11-06,0.27682536884704684,0.37217959578871,0.31423697563368164,0.0367580597305614
2015-11-13,0.2505507683476685,0.3879264255926876,0.341992562816975,0.01953024324266894
2015-11-20,0.2333565072133838,0.38902067422494846,0.3523331473726341,0.02528967118903369
2015-11-27,0.2313348834140628,0.40007225725849066,0.3568581492853905,0.011734710042056083
2015-12-04,0.2051728999354357,0.3996155886930997,0.3732825697056773,0.02192894166578716
2015-12-11,0.2921908204530429,0.3326332723394457,0.29484500112495493,0.0803309060825565
2015-12-18,0.3206746888629119,0.303893860609118,0.2621058221458382,0.11332562838213191
2015-12-25,0.1923524983580523,0.3808872892112566,0.36674011340752155,0.060020099023169536
2016-01-01,0.2664652355962332,0.3736314737134976,0.32977626344533706,0.030127027244932117
2016-01-08,0.35488014015418246,0.28552980057718874,0.22271563917385723,0.13687442009477166
2016-01-15,0.32378578978759576,0.3639444380580208,0.2748192139256208,0.03745055822876268
2016-01-22,0.29430462870530255,0.3569734981445942,0.28606656304558303,0.06265531010452008
2016-01-29,0.24766983507430015,0.373934670392406,0.3271395631840031,0.05125593134929072
2016-02-05,0.23668662216131808,0.3604014202770031,0.32297934792951377,0.07993260963216497
2016-02-12,0.15018446519351902,0.24365035033014273,0.28729023132723447,0.31887495314910386
2016-02-19,0.29390797566012217,0.3655065929516722,0.2926174911658537,0.04796794022235182
2016-02-26,0.2946174589388241,0.3881528527652201,0.3091275443735516,0.00810214392240424
2016-03-04,0.224838004781114,0.39785568850552566,0.3580345590832192,0.019271747630141185
2016-03-11,0.2006250500517358,0.38953423796601483,0.3662811256214057,0.043559586360843665
2016-03-18,0.1974811641265237,0.38846237110220033,0.37012544039305156,0.04393102437822436
2016-03-25,0.20846526732132867,0.38264673088605117,0.36275138499019416,0.04613661680242609
2016-04-01,0.21075564462905594,0.37411486546593403,0.3563878084404713,0.05874168146453866
2016-04-08,0.3465188050558559,0.3221711694426989,0.2640040392671405,0.06730598623430459
2016-04-15,0.4885044821983088,0.22609452527927548,0.14964227576217706,0.13575871676023876
2016-04-22,0.3192002807678771,0.3146821937467807,0.27754728387964533,0.08857024160569696
2016-04-29,0.27239337110433365,0.3529400254916087,0.3209343737444771,0.053732229659580605
2016-05-06,0.20215369508510242,0.40016305784898387,0.3760885538233222,0.021594693242591542
2016-05-13,0.22143136917135056,0.3897179447657818,0.3623574901380472,0.02649319592482046
2016-05-20,0.6007948788375038,0.15512939298098116,0.05606201536459668,0.1880137128169183
2016-05-27,0.3962515660466159,0.28051188888445444,0.22057003654594723,0.10266650852298247
2016-06-03,0.28110539789792,0.35173996403183827,0.314697090780976,0.05245754728926577
2016-06-10,0.21261638088338283,0.4042283881058197,0.3701553625478296,0.012999868462967811
2016-06-17,0.32651233711047983,0.3777738711841408,0.2823297577396514,0.013384033965728029
2016-06-24,0.3411098271667089,0.38102428715335873,0.27604766462991653,0.0018182210500158435
2016-07-01,0.34012383185733364,0.3812482087028649,0.27680357777411796,0.0018243816656835245
2016-07-08,0.3410643906448982,0.3818849090532973,0.27680236045192236,0.0002483398498821487
2016-07-15,0.27904073392624185,0.36116467151354265,0.31819333432739066,0.041601260232824795
2016-07-22,0.29003474334667123,0.34321813254546646,0.305226952506898,0.06152017160096414
2016-07-29,0.3501751931785042,0.30708180722655726,0.25960372764204476,0.08313927195289378
2016-08-05,0.44451103716765317,0.1211115410355231,0.1036113775154784,0.33076604428134543
2016-08-12,0.5085886148779104,0.20671947254103865,0.13056619090377025,0.15412572167728064
2016-08-19,0.43739038447687695,0.2517650646943029,0.18841652085853042,0.1224280299702898
2016-08-26,0.5258867398346204,0.1952801115020946,0.11459840796534404,0.1642347406979411
2016-09-02,0.5390243186431977,0.1775920030645993,0.0975231905584799,0.18586048773372324
2016-09-09,0.3768073056157853,0.27717496846479617,0.2292848607186358,0.11673286520078263
2016-09-16,0.3891370110697044,0.2866877641299002,0.2277062861568447,0.09646893864355065
2016-09-23,0.3445853306235088,0.3115241479691101,0.26482174406935616,0.07906877733802489
2016-09-30,0.40140076702036126,0.27948111753044197,0.22080885325509128,0.0983092621941055
2016-10-07,0.3265662900424326,0.3155880166208033,0.2729150090623728,0.08493068427439121
2016-10-14,0.576225206724864,0.150369114312124,0.06370970274583902,0.20969597621717295
2016-10-21,0.24574507243756896,0.37041912005329086,0.33753551200675036,0.0463002955023897
2016-10-28,0.2208482458319561,0.37039844962321655,0.34451255965860444,0.06424074488622292
2016-11-04,0.14415212944136963,0.14080183418614475,0.23772648347168396,0.47731955290080164
2016-11-11,0.35397284864297685,0.23650770419463707,0.19864912673923818,0.21087032042314785
2016-11-18,0.3313268565013585,0.34775339579145237,0.27546364490624603,0.04545610280094314
2016-11-25,0.3727948768876451,0.3242854845105066,0.2419799556811478,0.06093968292070049
2016-12-02,0.35437825183228494,0.3595349186713983,0.2619850583082412,0.024101771188075494
2016-12-09,0.5529542355941711,0.20094621051505573,0.100894214919701,0.14520533897107213
2016-12-16,0.25403400606409016,0.32394981270217504,0.29500239023426816,0.12701379099946655
2016-12-23,0.26060318656478276,0.3408662013266389,0.31588059208634817,0.08265002002223008
2016-12-30,0.24835935519364377,0.35240527114072,0.32867436331206623,0.07056101035356992
2017-01-06,0.2273551731601822,0.3640351594910016,0.34608811938119316,0.062521547967623
2017-01-13,0.3065943587475752,0.3168602089923836,0.2844843018669765,0.09206113039306474
2017-01-20,0.27371198536168695,0.3323289972335012,0.30789473255695543,0.08606428484785647
2017-01-27,0.238853150634801,0.35128487492458155,0.334093007076434,0.07576896736418347
2017-02-03,0.283129067358843,0.33441142637648785,0.30535833212043473,0.07710117414423436
2017-02-10,0.23854004010738836,0.3597155081389067,0.33916750521318295,0.06257694654052212
2017-02-17,0.17325513491633027,0.38541603090944515,0.3815029463491822,0.059825887825042424
2017-02-24,0.17649516204925345,0.39811751425785546,0.3880135009425727,0.03737382275031847
2017-03-03,0.181170479931798,0.38547989541150757,0.37765247605318747,0.05569714860350693
2017-03-10,0.18962670498812184,0.36356796399953434,0.361317177185403,0.08548815382694076
2017-03-17,0.006760434396808531,0.13003678818077347,0.2892116754490793,0.5739911019733388
2017-03-24,0.12874733931344984,0.33467126783706197,0.3685823148545124,0.1679990779949756
2017-03-31,0.17951064303442596,0.35927999679499495,0.36333474786786607,0.09787461230271302
2017-04-07,0.2766288400524414,0.35347120035972757,0.3189995476413079,0.050900411946523165
2017-04-14,0.30138076586948365,0.34420648689840005,0.3001118430604895,0.054300904171626876
2017-04-21,0.2509321386752064,0.381385629593489,0.330156919601595,0.037525312129709686
2017-04-28,0.27659979185414135,0.34510220514536905,0.3140595254431977,0.06423847755729188
2017-05-05,0.20818843173665083,0.38870670032025173,0.36863833922677314,0.03446652871632426
2017-05-12,0.20513139762919777,0.39899697415456964,0.3748004270853305,0.02107120113090217
2017-05-19,0.197706976337924,0.39323165509707775,0.37510318551066363,0.03395818305433465
2017-05-26,0.2682712534183119,0.3513251384612073,0.3216928171560782,0.058710790964402716
2017-06-02,0.33692676638908386,0.31041903082140665,0.2676933405320009,0.08496086225750864
2017-06-09,0.3265435931771534,0.3126804283111432,0.27346865443028223,0.08730732408142104
2017-06-16,0.3323842788010252,0.31979273291543575,0.2748021808891967,0.0730208073943421
2017-06-23,0.382664016921108,0.28483565718987297,0.23082192361561443,0.10167840227340455
2017-06-30,0.2714497748199998,0.35647979932372476,0.3189355488681348,0.05313487698814066
2017-07-07,0.29877284739022925,0.34806125926276205,0.2999906249790195,0.05317526836798912
2017-07-14,0.3057649099709322,0.32296291493833923,0.28662793237740103,0.08464424271332743
2017-07-21,0.2569640299224995,0.34694454545498615,0.322654517905882,0.07343690671663237
2017-07-28,0.30816912715510053,0.32447228407679896,0.2876702343206886,0.07968835444741199
2017-08-04,0.4072771430565485,0.2602932077296045,0.2067865323131375,0.12564311690070945
2017-08-11,0.3019835039750078,0.31562951289366625,0.28506185829904007,0.09732512483228593
2017-08-18,0.36057905948321567,0.3003559128020826,0.2502633932584423,0.08880163445625942
2017-08-25,0.332622557830201,0.31409684732247833,0.27108241198931465,0.08219818285800605
2017-09-01,0.5670919161862152,0.15882048980117816,0.0745997168685739,0.19948787714403265
2017-09-08,0.3163773116341645,0.32049933241327816,0.28231637372434665,0.08080698222821069
2017-09-15,0.3295007578708021,0.2880060615871473,0.25445748500981646,0.12803569553223412
2017-09-22,0.2825709460032116,0.2932038187997733,0.2758048354339884,0.1484203997630265
2017-09-29,0.24246977206666015,0.3445219794126667,0.3267503098869702,0.08625793863370303
2017-10-06,0.2835190276473137,0.3424919612810173,0.3062879268043837,0.06770108426728541
2017-10-13,0.2459803616487716,0.3649771004132213,0.33845299605101314,0.05058954188699395
2017-10-20,0.24264272567653028,0.3678000975105481,0.3406390974594428,0.04891807935347878
2017-10-27,0.2500979277259537,0.36803318089335907,0.3360356895919245,0.04583320178876289
2017-11-03,0.25741017707903663,0.35894434629661504,0.32968074301141104,0.05396473361293743
2017-11-10,0.30998879356052667,0.3321222961848709,0.29129331714807105,0.06659559310653139
2017-11-17,0.26229611855912827,0.35653282569359707,0.32699111921078644,0.05417993653648809
2017-11-24,0.28428609784623965,0.3285952537513507,0.30125667026721625,0.08586197813519335
2017-12-01,0.26650291345383553,0.34026719573189423,0.3158395324792626,0.07739035833500761
2017-12-08,0.40043779304427624,0.251337705900199,0.20258591278081253,0.1456385882747122
2017-12-15,0.3591524845483978,0.12605208218189815,0.1413985229961664,0.3733969102735377
2017-12-22,0.0724422599181334,0.1799184312448713,0.28930871705753414,0.4583305917794612
2017-12-29,0.18367174501401334,0.3469036434617494,0.35310094580453305,0.11632366571970423
2018-01-05,0.3284037725425822,0.2858859196203383,0.2552931992589891,0.13041710857809052
2018-01-12,0.23217979420973842,0.34995650924085064,0.3362600418451889,0.08160365470422205
2018-01-19,0.2171846500631535,0.3422605344886775,0.337163560062437,0.10339125538573223
2018-01-26,0.2073292702486542,0.347223240585304,0.3446611293119902,0.10078635985405152
2018-02-02,0.2751913507612706,0.2814558497143625,0.27294946407025994,0.17040333545410696
2018-02-09,0.0041886566030413476,0.13047360353575502,0.2904938068318858,0.5748439330293178
2018-02-16,0.2417949467543354,0.3294542103178182,0.3015448668117749,0.1272059761160715
2018-02-23,0.47951401130456134,0.23724568870897406,0.15725473171135254,0.12598556827511212
2018-03-02,0.4562025883158483,0.2663739683694611,0.18041443818074784,0.09700900513394276
2018-03-09,0.4219580970576007,0.2661785111252792,0.20276209823980287,0.10910129357731732
2018-03-16,0.35318031773857517,0.31027853137420974,0.25852959237786455,0.07801155850935035
2018-03-23,0.3441305099104027,0.26453868073777886,0.22865913329681076,0.1626716760550075
2018-03-30,0.47995505777233244,0.1963149930756003,0.13052263185156823,0.19320731730049906
2018-04-06,0.4891781861940039,0.16618881555024184,0.1087225316145601,0.23591046664119428
2018-04-13,0.4307234193534131,0.2152909947826878,0.16318942533356282,0.1907961605303363
2018-04-20,0.28608905907441773,0.3351701818716531,0.2981847131064217,0.08055604594750738
2018-04-27,0.2838921017786313,0.3318309308169701,0.29116223829211,0.09311472911228863
2018-05-04,0.26878532263592886,0.3577677490231061,0.31680514158609163,0.05664178675487342
2018-05-11,0.2728721827585972,0.3610743464291171,0.317032036369865,0.04902143444242074
2018-05-18,0.25333941642357405,0.36626434088384474,0.3315812713267554,0.04881497136582577
2018-05-25,0.24965203905527555,0.373998199571816,0.3422603339205696,0.03408942745233884
2018-06-01,0.21290763200301932,0.394615011814547,0.3688973364082897,0.023580019774143954
2018-06-08,0.2922553013081607,0.3471553087602389,0.3075357884589455,0.053053601472654956
2018-06-15,0.33557255778977213,0.3208916163092465,0.27355722701580326,0.0699785988851782
2018-06-22,0.3174043432578707,0.33027117935539646,0.2868420485462739,0.06548242884045907
2018-06-29,0.3408477257849524,0.31120729145541587,0.26113946650021,0.08680551625942172
2018-07-06,0.2878152544497618,0.34863307623427114,0.3079220312408345,0.05562963807513243
2018-07-13,0.34005663921367946,0.3118243251231364,0.2658666245554672,0.08225241110771701
2018-07-20,0.3222464004947907,0.3240365437699899,0.28121667533398453,0.07250038040123483
2018-07-27,0.3354589888903952,0.3140643467096792,0.26995161634167797,0.08052504805824776
2018-08-03,0.319481136973534,0.32611056175127334,0.2837248299613487,0.07068347131384392
2018-08-10,0.2861252577288564,0.3542639729516286,0.31426872584278537,0.045342043476729675
2018-08-17,0.39859856633748686,0.28962032335335114,0.2165946445302415,0.09518646577892043
2018-08-24,0.37101278091804957,0.29708347909060645,0.24384582650828654,0.08805791348305746
2018-08-31,0.38606463613755043,0.28619334061370844,0.23076984235216477,0.09697218089657621
2018-09-07,0.271794083188754,0.3196965834914355,0.28009409790665285,0.12841523541315775
2018-09-14,0.26014515114098596,0.3641778551507163,0.3273100127710607,0.04836698093723706
2018-09-21,0.3336254543039472,0.3137396462261578,0.2692539822574988,0.0833809172123963
2018-09-28,0.38510652668544076,0.28581577031108457,0.22946462592808636,0.09961307707538829
2018-10-05,0.3136020436347977,0.3301021907498573,0.28398386261484726,0.0723119030004978
2018-10-12,0.5127934869584688,0.1596012059737793,0.09569884156322914,0.2319064655045226
2018-10-19,0.5344403047826153,0.18706115911055146,0.10320095579796466,0.1752975803088686
2018-10-26,0.5232113086184474,0.16245660402656525,0.09190573876103184,0.22242634859395538
2018-11-02,0.4946418682356625,0.1655023322587216,0.10535036902886447,0.23450543047675143
2018-11-09,0.5532408578545216,0.16508139926959495,0.08075733733494742,0.20092040554093613
2018-11-16,0.5123564702939793,0.1582208384361278,0.09404639379081153,0.2353762974790814
2018-11-23,0.4947538074301258,0.1989658132828089,0.1252253127468725,0.18105506654019288
2018-11-30,0.49804745850574383,0.2084120768932587,0.13035117056265902,0.1631892940383384
2018-12-07,0.40975582001489,0.1913360177152014,0.1548195681759319,0.2440885940939767
2018-12-14,0.48981832691000926,0.206886910692631,0.13146697997940826,0.17182778241795163
2018-12-21,0.1734468372295947,0.22228208962107887,0.2663546980810399,0.33791637506828653
2018-12-28,0.0031207651955898344,0.13244239526975438,0.2919177714621638,0.5725190680724921
2019-01-04,0.5350948384892565,0.16794098847076191,0.08989214372438223,0.2070720293155994
2019-01-11,0.5029799117798646,0.20692534788440142,0.13239029110002862,0.15770444923570548
2019-01-18,0.38614031061397197,0.252485823216363,0.20912967130358834,0.1522441948660767
2019-01-25,0.38742169540930094,0.19990250757841682,0.17472485066835505,0.2379509463439272
2019-02-01,0.40685121747067593,0.24402184936323382,0.1925679469861098,0.15655898617998049
2019-02-08,0.37212875719919397,0.2926919697132415,0.2393823057635303,0.09579696732403424
2019-02-15,0.38278255651815546,0.28509358881985136,0.2297494374266302,0.10237441723536299
2019-02-22,0.3331729400839915,0.3185604648332376,0.2727004451716979,0.07556614991107298
2019-03-01,0.3335973104935561,0.30903543214852064,0.264650043825411,0.09271721353251221
2019-03-08,0.24001981567470143,0.3487705737742647,0.32800591507891913,0.08320369547211469
2019-03-15,0.37677641477791257,0.2709636395118702,0.22453528820035745,0.12772465750985978
2019-03-22,0.3550904682621099,0.30499029742469985,0.2555413250168509,0.08437790929633943
2019-03-29,0.5517797329509206,0.18017687952710115,0.09258534297873214,0.17545804454324618
2019-04-05,0.3501087210338956,0.30735021919936756,0.259450685765392,0.08309037400134481
2019-04-12,0.32304050541136853,0.3241701466557828,0.28132411507480154,0.07146523285804715
2019-04-19,0.2503840826078739,0.35871021643823386,0.33221220813972024,0.05869349281417207
2019-04-26,0.25099591596741666,0.3599513314654954,0.33309562045996677,0.05595713210712118
2019-05-03,0.3128921531327869,0.32863014933706697,0.2881634254121615,0.07031427211798455
2019-05-10,0.5131386405533404,0.19044560111341458,0.11209162060337945,0.1843241377298657
2019-05-17,0.5377860804093393,0.19354490350392334,0.10467680334985834,0.16399221273687917
2019-05-24,0.4261553042522518,0.2632120430638418,0.19716637927281638,0.11346627341109009
2019-05-31,0.49976218203026657,0.2247513780050704,0.14086041154554235,0.13462602841912072
2019-06-07,0.45407910195526013,0.2382464302162105,0.1704345311532622,0.137239936675267
2019-06-14,0.5620827066480977,0.15375073476129714,0.07214382833141728,0.2120227302591879
2019-06-21,0.37284370569936,0.2755589891027792,0.22950864219367423,0.1220886630041866
2019-06-28,0.38726151986990565,0.24154301492508848,0.20012002582882893,0.17107543937617695
2019-07-05,0.2877844489068501,0.3406219166788537,0.3048471318613752,0.06674650255292103
2019-07-12,0.3446778447476509,0.30513107286252383,0.2607805834311153,0.08941049895870985
2019-07-19,0.2967604822513504,0.33556417688922047,0.29866425443341477,0.06901108642601422
2019-07-26,0.3036468195535572,0.3412529785077436,0.29868183287142797,0.05641836906727127
2019-08-02,0.5913792765552407,0.1532819157693511,0.05888806126496576,0.19645074641044252
2019-08-09,0.5014384923216145,0.19567909547072307,0.11763608160407292,0.18524633060358944
2019-08-16,0.5019084997625272,0.18966723003006836,0.11431098646786315,0.19411328373954143
2019-08-23,0.4664289990882037,0.24188389277166322,0.1681332041413658,0.12355390399876742
2019-08-30,0.5155266405996886,0.2011048869349291,0.12044825904992748,0.16292021341545485
2019-09-06,0.45531785412341247,0.23210998020712945,0.16729542049977086,0.1452767451696872
2019-09-13,0.3663630637054145,0.29871831102715884,0.24581486947326867,0.08910375579415795
2019-09-20,0.37465789482976125,0.2947280225025431,0.23941686165123602,0.09119722101645956
2019-09-27,0.47403034231313274,0.22844400147709443,0.15487490807718512,0.1426507481325878
2019-10-04,0.41422335103923,0.265029174754328,0.20220325239264372,0.11854422181379824
2019-10-11,0.4420669730344013,0.23619152169756022,0.17300852039305215,0.14873298487498635
2019-10-18,0.3154353946330332,0.31716752877106197,0.2759327212050276,0.0914643553908773
2019-10-25,0.29409427985724845,0.3373969036718718,0.2999809864267788,0.06852783004410094
2019-11-01,0.19318374941531255,0.1258680512785201,0.2099872779389679,0.4709609213671994
2019-11-08,0.5071380179413211,0.11845905670260064,0.07637223136699195,0.29803069398908644
2019-11-15,0.5902131938083014,0.1179106935104875,0.04172084839671601,0.25015526428449514
2019-11-22,0.6261782299397074,0.12451813156582124,0.030134171387133812,0.21916946710733753
2019-11-29,0.5238333282318828,0.11800636221433854,0.0692376327491278,0.28892267680465095
2019-12-06,0.3594220891993852,0.2965692792911728,0.24660693732413955,0.0974016941853025
2019-12-13,0.5159578224986421,0.13062846814524523,0.07879268288721963,0.27462102646889314
2019-12-20,4.191465098245822e-05,0.1301779372729333,0.2920623144082324,0.5777178336678518
2019-12-27,0.39328857444928267,0.12367121545383256,0.12608485477230996,0.3569553553245748
2020-01-03,0.00011451838491775222,0.13017616359382603,0.2920313850772121,0.5776779329440442
2020-01-10,0.009591983068862497,0.12994682845289038,0.28799506188287366,0.5724661265953735
2020-01-17,0.0014850234215594762,0.13014270486389287,0.29144755832553026,0.5769247133890174
2020-01-24,0.5055155254258734,0.12049525039971444,0.07805931972966111,0.29592990444475115
2020-01-31,0.5235453501400384,0.18782150644168566,0.10426084013373638,0.18437230328453943
2020-02-07,0.5879369996830184,0.13991819868277602,0.05364035245679477,0.21850444917741077
2020-02-14,0.5936895774974503,0.13051089226644855,0.04656739442754339,0.22923213580855772
2020-02-21,0.44442457084676185,0.24738710476376802,0.1795327953559712,0.128655529033499
2020-02-28,9.505543004194043e-05,0.13021557842801715,0.29205909969403987,0.5776302664479012
2020-03-06,4.228505775126037e-05,0.13017827550777988,0.292062329842983,0.5777171095914858
2020-03-13,4.182804790150707e-05,0.13017793938931813,0.29206235130166525,0.5777178812611152
2020-03-20,4.1828047901497717e-05,0.13017793938931813,0.29206235130166525,0.5777178812611152
2020-03-27,4.182804790149798e-05,0.13017793938931813,0.29206235130166525,0.5777178812611152
2020-04-03,4.204066582864285e-05,0.13017809576324582,0.29206234131787,0.5777175222530556
2020-04-10,0.00016342197908736562,0.1302625847414261,0.292054256030026,0.5775197372494606
2020-04-17,0.00013951492494734545,0.13025010671945106,0.2920580075731091,0.5775523707824926
2020-04-24,0.037530908324822206,0.15702163483849757,0.29006699326009383,0.5153804635765864
2020-05-01,0.4019642396794863,0.2386596212223879,0.18972194341563473,0.16965419568249104
2020-05-08,0.26598078020991905,0.34779926130410715,0.31267560311523696,0.07354435537073697
2020-05-15,0.30454873778910424,0.3360006683173195,0.2780702122301192,0.0813803816634571
2020-05-22,0.045413077025680613,0.13470808552248,0.2755466775943107,0.5443321598575287
2020-05-29,0.293626059293143,0.3215185028940189,0.2769683129018059,0.10788712491103229
2020-06-05,0.26454847976608503,0.39325467225892285,0.3308876266235729,0.01130922135141921
2020-06-12,0.26104266637703777,0.33760932678233296,0.29137580961154114,0.10997219722908813
2020-06-19,0.20892522102997566,0.28612181755805616,0.28399483695168315,0.220958124460285
2020-06-26,0.22720103771538078,0.3566828587879772,0.3268388911266116,0.08927721237003049
2020-07-03,0.2273269491635308,0.39655842797707413,0.36012376608734964,0.01599085677204543
2020-07-10,0.23166253330761633,0.37345226606140886,0.34749407968442786,0.047391120946546884
2020-07-17,0.22851350910856852,0.15458196766664298,0.20969005225782197,0.40721447096696667
2020-07-24,0.27215559367193504,0.3252077846506384,0.30261597378630234,0.10002064789112412
2020-07-31,0.17877382006513431,0.3843036195232793,0.3769165097806362,0.06000605063095014
2020-08-07,0.17596668314452163,0.3539853789390277,0.3562058345645628,0.11384210335188777
2020-08-14,0.10003229795658007,0.13744652545158434,0.254310321505552,0.5082108550862836
2020-08-21,0.2392195046591813,0.35965112474187166,0.33430316280657796,0.0668262077923692
2020-08-28,0.29680433279386487,0.3272760218559739,0.29247899821084217,0.08344064713931906
2020-09-04,0.27319442449721343,0.3474994234730595,0.3155523159069588,0.06375383612276836
2020-09-11,0.4332649608353416,0.2582245284249986,0.1909299144970675,0.11758059624259229
2020-09-18,0.41501168841342456,0.26669096991170715,0.20703941486457872,0.11125792681028948
2020-09-25,0.23668021021262578,0.39349739496809094,0.35401834267919513,0.01580405214008823
2020-10-02,0.4406650554634032,0.12160296482308512,0.1054480343695364,0.33228394534397526
2020-10-09,0.3260154098709597,0.3195813756080469,0.2773887716326797,0.07701444288831374
2020-10-16,0.41169817082198007,0.2701735391993078,0.2088406182685405,0.10928767171017167
2020-10-23,0.16313964954370197,0.14891720831011288,0.2339171733700112,0.45402596877617396
2020-10-30,0.0491719702489578,0.13225100272607054,0.2727655986863222,0.5458114283386494
2020-11-06,0.2321232653647602,0.14680195449009556,0.20438927915077626,0.416685500994368
2020-11-13,0.451818448547842,0.19918531054791225,0.14118957960418305,0.2078066613000627
2020-11-20,0.49849370300766654,0.20787383857106662,0.13213796274255957,0.1614944956787073
2020-11-27,0.35859051449244767,0.2848220668737017,0.23866655227161448,0.11792086636223606
2020-12-04,0.2961583600426864,0.3369253344948721,0.29929328730577737,0.06762301815666406
2020-12-11,0.27988863118703944,0.3457401467186767,0.31297860894227975,0.06139261315200409
2020-12-18,0.257845518230011,0.3515492809775575,0.32588976496922206,0.0647154358232095
2020-12-25,0.20829085528965519,0.3928576453465077,0.36884382863874876,0.030007670725088288
2021-01-01,0.2586796044363971,0.3640497732670411,0.33206061502666495,0.045210007269896865
2021-01-08,0.2819782799750896,0.34571893124250674,0.3106089088386932,0.0616938799437103
2021-01-15,0.5655778268679912,0.12095085847409776,0.05343182837988702,0.260039486278024
2021-01-22,0.33816124907968664,0.30440156799717855,0.26182030720598526,0.0956168757171496
2021-01-29,0.5392733312109275,0.1811918414480201,0.09670373898246432,0.18283108835858794
2021-02-05,0.517733160118787,0.1190942006401919,0.07230460630755453,0.29086803293346664
2021-02-12,0.4236695867879777,0.24484088164310952,0.18860367603356207,0.1428858555353506
2021-02-19,0.36334829427063353,0.28600287535601887,0.238437547551744,0.11221128282160359
2021-02-26,0.3630411649313416,0.30031070601099,0.24857470384887892,0.08807342520878939
2021-03-05,0.5815283478755781,0.14147974042366376,0.0570715320067544,0.21992037969400374
2021-03-12,0.5294611581046688,0.18469556689081154,0.10334135022242336,0.18250192478209645
2021-03-19,0.5477349995412166,0.17031325077481302,0.08921761875362336,0.192734130930347
2021-03-26,0.5023575053220094,0.12112043877952684,0.07967801010281582,0.296844045795648
2021-04-02,0.44738484037140136,0.12066076370528091,0.10219729875256742,0.32975709717075036
2021-04-09,0.5834743977598348,0.12992183661461235,0.0506197519129604,0.23598401371259237
2021-04-16,0.5742643352045951,0.11751419510694407,0.04812296693336663,0.2600985027550943
2021-04-23,0.3106782793211751,0.3257547907660709,0.2882093297382173,0.07535760017453674
2021-04-30,0.5898241406483994,0.12368624368969183,0.04477054534984336,0.2417190703120653
2021-05-07,0.5193086616722697,0.14429345777252292,0.08429332345933904,0.25210455709586826
2021-05-14,0.00018653470357329365,0.13017450979566836,0.2920007586260205,0.5776381968747379
2021-05-21,0.4225638526172632,0.16052559068837458,0.13235382010278024,0.28455673659158204
2021-05-28,0.49806151767017437,0.19246637508668432,0.12453725173918362,0.18493485550395775
2021-06-04,0.6022987029827178,0.13173813450338634,0.04371165854086139,0.22225150397303445
2021-06-11,0.5570660186420555,0.1171835571510482,0.055074983294866056,0.2706754409120303
2021-06-18,0.6031271786256491,0.12167886914243432,0.0382564376023924,0.23693751462952412
2021-06-25,0.6283048285104378,0.12447774205552203,0.029233625521321034,0.21798380391271913
2021-07-02,0.6062590506501374,0.13557512532671884,0.043907406993829924,0.21425841702931392
2021-07-09,0.6269394737014088,0.11907121503078327,0.02710179901976133,0.2268875122480467
2021-07-16,0.6301136657742886,0.12018305506546803,0.026342864476721673,0.22336041468352175
2021-07-23,0.5442782738784468,0.18584491527524744,0.09485059712473515,0.17502621372157065
2021-07-30,0.6048282553662199,0.11675549856922553,0.035096675846875515,0.24331957021767903
2021-08-06,0.5602166194049994,0.17125314707823144,0.08546131213439095,0.18306892138237826
2021-08-13,0.5388656736204299,0.1350368636314072,0.07238302518797544,0.2537144375601874
2021-08-20,0.6284886724779485,0.1218362355353647,0.02783993658071521,0.2218351554059716
2021-08-27,0.5230278805170201,0.19263091035672436,0.11457680675756213,0.16976440236869345
2021-09-03,0.5222436466983817,0.17778470880251784,0.10631028378013839,0.19366136071896203
2021-09-10,0.6203129174872547,0.12284203508469811,0.03172504804665978,0.22511999938138744
2021-09-17,0.5884247526785257,0.14577439808965953,0.05727093426623619,0.20852991496557868
2021-09-24,0.4001699250225079,0.27765022961561353,0.21690517326685538,0.1052746720950232
2021-10-01,0.30174994939730254,0.3448243930110866,0.29741850987752133,0.05600714771408943
2021-10-08,0.34274754707178323,0.31297760840927535,0.26449210221606034,0.07978274230288097
2021-10-15,0.5015533405468092,0.21298600804549025,0.13442456654275312,0.15103608486494752
2021-10-22,0.474348755243498,0.19486888624421544,0.1358137803678061,0.19496857814448043
2021-10-29,0.4190994265393293,0.24803779242714485,0.19202640675603969,0.14083637427748621
2021-11-05,0.34956668351737036,0.29672979486371975,0.2531826675288587,0.10052085409005125
2021-11-12,0.3230972014982483,0.3025411102519189,0.2652542049158077,0.10910748333402527
2021-11-19,0.24852544735724413,0.37034352776926455,0.33895538946378195,0.04217563540970944
2021-11-26,0.6250919944138599,0.12422585279800318,0.03043750301184397,0.22024464977629296
2021-12-03,0.3878342431903399,0.28673355386285404,0.21048135921543354,0.11495084373137247
2021-12-10,0.4004152477140909,0.2844255795513218,0.21216918180275757,0.10298999093182963
2021-12-17,0.6026046060944076,0.1405998439544462,0.047911659400289214,0.2088838905508571
2021-12-24,0.564048532289962,0.15838614434060796,0.0752841623908126,0.2022811609786174
2021-12-31,0.5862424298958473,0.1287890718905368,0.04904599258625589,0.23592250562736
2022-01-07,0.4893297904294254,0.19550314983212072,0.13039855617059246,0.18476850356786134
2022-01-14,0.5034488873330063,0.12402145879366942,0.08067343771524521,0.29185621615807905
2022-01-21,0.4063594154007157,0.15905432442538991,0.13836392106919665,0.29622233910469775
2022-01-28,4.794328799451731e-05,0.13017782215012902,0.29205976223610947,0.577714472325767
2022-02-04,0.5100528213592634,0.1934880475598217,0.11259133408525515,0.18386779699565975
2022-02-11,0.5704584524797048,0.1536020878553128,0.06770206868119631,0.20823739098378596
2022-02-18,0.3828394551938753,0.20039622978784402,0.16868010775110115,0.2480842072671796
2022-02-25,0.15814069595060878,0.24741030238428702,0.2854427319476284,0.3090062697174758
2022-03-04,0.06271006494852573,0.17617852780871573,0.28911293065828925,0.47199847658446936
2022-03-11,0.033535861212168686,0.1547102412643906,0.290439067350128,0.5213148301733128
2022-03-18,0.010193859157689736,0.1376415588436865,0.2915842076565984,0.5605803743420255
2022-03-25,0.38788129898172385,0.3263927822487332,0.23020478478706813,0.05552113398247489
2022-04-01,0.34183838042479947,0.3805427365380713,0.27550597501413876,0.002112908022990473
2022-04-08,0.3440552021189966,0.37681786770705733,0.27273061487181405,0.006396315302132032
2022-04-15,0.3971578716420044,0.32206036030878327,0.22344225350303817,0.057339514546174204
2022-04-22,0.3293120711963183,0.3356070631113581,0.2582757450815052,0.07680512061081857
2022-04-29,0.24114146003285666,0.30750023959614486,0.28074163205247094,0.17061666831852748
2022-05-06,0.284694341882411,0.31865840309903654,0.26829916569764517,0.12834808932090722
2022-05-13,0.2930994838963455,0.3297155444051246,0.27032178605674706,0.10686318564178282
2022-05-20,0.4562270474955097,0.20139057066639193,0.13880712070588944,0.20357526113220895
2022-05-27,0.4956386908025616,0.16485007862012657,0.10448067918748126,0.23503055138983064
2022-06-03,0.4451237684794979,0.21779168728098844,0.1607972320215706,0.17628731221794308
2022-06-10,0.36024427569014356,0.3229526757930588,0.24978973534146376,0.06701331317533386
2022-06-17,0.2911099298466191,0.33531690381130497,0.273939116425363,0.09963404991671293
2022-06-24,0.3535734013497518,0.3440941970263333,0.2524689214813496,0.04986348014256529
2022-07-01,0.4350775385360253,0.2547862759356473,0.17420293439735646,0.13593325113097093
2022-07-08,0.4390881380010928,0.26023963606132466,0.185966227020668,0.11470599891691462
2022-07-15,0.4117758195571235,0.26405984830524404,0.2029693970530368,0.12119493508459567
2022-07-22,0.3044115957268661,0.339185133817939,0.2967992134714659,0.059604056983729115
2022-07-29,0.21722319393240924,0.3441161987852991,0.3358711710470892,0.10278943623520242
2022-08-05,0.4718321443781976,0.22258252080399485,0.1531453702245911,0.15243996459321646
2022-08-12,0.305095081298008,0.3188081465844252,0.2860392439077654,0.09005752820980144
2022-08-19,0.30717911658396674,0.3365980873996228,0.29495561545709453,0.06126718055931597
2022-08-26,4.890196289735063e-05,0.13017776656245,0.29205933779318843,0.5777139936814641
2022-09-02,0.3770112810234162,0.27845088828560044,0.21192722582760334,0.13261060486338005
2022-09-09,0.31322199614792456,0.3650414307814612,0.2826752651136,0.039061307957014124
2022-09-16,0.0832782985621668,0.18117420541474336,0.28305522116236254,0.45249227486072746
2022-09-23,0.24292133289649548,0.31325803941110797,0.28441752490540406,0.15940310278699252
2022-09-30,0.2897229961466498,0.2964842318132649,0.2555239598802149,0.15826881215987046
2022-10-07,0.36070150891015657,0.3137045353305722,0.23640340867615986,0.0891905470831114
2022-10-14,0.3491440269189756,0.26759033679127514,0.21636360044288216,0.1669020358468669
2022-10-21,0.30098485447099027,0.19843648323508828,0.20157532562714717,0.2990033366667743
2022-10-28,0.37944703616866143,0.26056545278242665,0.20354025793862884,0.15644725311028312
2022-11-04,0.43749362142358067,0.2212143051252168,0.15704833497008827,0.18424373848111433
2022-11-11,0.12744184841954498,0.12811810546917912,0.23831469218432796,0.506125353926948
2022-11-18,0.00010780866197299279,0.1301763667535416,0.2920342630074588,0.5776815615770267
2022-11-25,0.5425780959555384,0.12188957140422454,0.0634177366890806,0.2721145959511565
2022-12-02,0.32373184519322024,0.12619274110557607,0.15612631955519315,0.39394909414601054
2022-12-09,0.4031565907991382,0.2693148936598825,0.21237673700825055,0.11515177853272877
2022-12-16,0.5704547656539604,0.12807406974941757,0.054966804771461986,0.24650435982516006
2022-12-23,0.5528138088490863,0.1868070786373271,0.09893354956436547,0.1614455629492212
2022-12-30,0.4977777167148101,0.1968464535910867,0.12607556567716974,0.1793002640169335
2023-01-06,0.593611248160438,0.16463898588061163,0.06559281197079807,0.1761569539881523
2023-01-13,0.6246472345050099,0.13818194626929214,0.037582996990180625,0.1995878222355173
2023-01-20,0.49816498333374426,0.14970202697976218,0.09566973820542127,0.2564632514810724
2023-01-27,0.39605549191595213,0.1287289936669074,0.12746274764425636,0.3477527667728841
2023-02-03,0.3370453542424903,0.29315252653141155,0.2536493449010331,0.116152774325065
2023-02-10,0.1634081059812171,0.12760581734153165,0.22317573744513905,0.4858103392321122
2023-02-17,0.4592198255983476,0.25533302245594197,0.16750475353837738,0.11794239840733302
2023-02-24,0.15183856607012533,0.2418150876433319,0.2849322384757453,0.32141410781079754
2023-03-03,0.037756415373926766,0.15791598317323396,0.29029147002174327,0.514036131431096
2023-03-10,4.18281072990919e-05,0.13017793943300343,0.2920623512988762,0.5777178811608212
2023-03-17,0.5423982957830317,0.17765544155119448,0.09581917505821697,0.18412708760755694
2023-03-24,0.3486526370645677,0.29089418967552344,0.24920482529001742,0.11124834796989133
2023-03-31,0.3257941245026444,0.3055308288447091,0.26864185590468304,0.10003319074796352
2023-04-07,0.26194593836544516,0.33612740880898145,0.31486855024758365,0.08705810257798974
2023-04-14,0.2096496381994742,0.3595184597511901,0.3484499227323657,0.08238197931696996
2023-04-21,0.22920603421759772,0.3712168785584016,0.3481829494891906,0.05139413773481013
2023-04-28,0.05612797481560292,0.1717400755134508,0.28966347760651695,0.48246847206442933
2023-05-05,0.16898597030916376,0.36203987083913497,0.3676275844123438,0.10134657443935756
2023-05-12,0.1921879186012665,0.37707112622478695,0.36764036515291804,0.06310059002102854
2023-05-19,0.014409670975289337,0.14112255629100973,0.29166992182998186,0.552797850903719
2023-05-26,0.5837675109315162,0.14189552136047986,0.05635331965451684,0.21798364805348697
2023-06-02,0.3479783552424842,0.3148320975088124,0.26226980141429257,0.07491974583441068
2023-06-09,0.3641530292571783,0.30205573295819205,0.2483573575146379,0.08543388026999166
2023-06-16,0.29468362229209416,0.329829028635643,0.29165783374604115,0.08382951532622163
2023-06-23,0.31282821138681544,0.32398159339492993,0.2841299255285648,0.07906026968968988
2023-06-30,0.2654010187030631,0.3583848401150643,0.3224638100309949,0.053750331150877816
2023-07-07,0.2639948547526215,0.35437480344266975,0.32334404198155076,0.05828629982315802
2023-07-14,0.3446843836839519,0.3024713995872207,0.2590749175755585,0.09376929915326888
2023-07-21,0.3339379853591099,0.3044069112167854,0.26427943070232507,0.09737567272177966
2023-07-28,0.33554262699824444,0.3099065904120141,0.26757569856067376,0.08697508402906766
2023-08-04,0.33676198252662376,0.31695506246539806,0.2699740570360726,0.07630889797190558
2023-08-11,0.38112292688444654,0.2974791967318277,0.2316462150925302,0.08975166129119559
2023-08-18,0.38130326384970253,0.29382979189197395,0.23449342969964276,0.09037351455868085
2023-08-25,0.3473115833322269,0.316812735153774,0.2599040467994808,0.0759716347145184
2023-09-01,0.5059981819166155,0.2245921119619543,0.13158949489484112,0.1378202112265892
2023-09-08,0.3509330777956143,0.31281692639271713,0.2596998229657805,0.07655017284588825
2023-09-15,0.3226358688878533,0.325620819849924,0.2787837726063235,0.07295953865589927
2023-09-22,0.43768097190553007,0.257319737154161,0.18624454766135878,0.1187547432789501
2023-09-29,0.4374548606003308,0.2548498615231232,0.18422455638811058,0.12347072148843544
2023-10-06,0.43334569600262635,0.25604320774371836,0.1903590510833508,0.12025204517030458
2023-10-13,0.3932452897648488,0.28431492671977315,0.22493443297318277,0.09750535054219542
2023-10-20,0.42670302585300585,0.25489307137941924,0.18821655206542906,0.13018735070214588
2023-10-27,0.4838975468035052,0.15383332984668527,0.10363457159395725,0.2586345517558523
2023-11-03,0.3582273414243656,0.29668611646708815,0.24768763323126042,0.09739890887728578
2023-11-10,0.2832069522230266,0.336490671250332,0.30353457752925894,0.0767677989973825
2023-11-17,0.23152946164120022,0.36178007018141434,0.3353368438789439,0.07135362429844162
2023-11-24,0.42235151956427697,0.20134389675689382,0.152805810118023,0.22349877356080625
2023-12-01,0.4596821876772281,0.22481247486824965,0.16157283109617704,0.15393250635834516
2023-12-08,0.5584332103225228,0.1383498115097591,0.06537450835117527,0.23784246981654283
2023-12-15,0.37282522853314365,0.12393395798485073,0.13468397755912861,0.368556835922877
2023-12-22,0.24246563042441274,0.3630540554070636,0.3398206497606239,0.054659664407899745
2023-12-29,0.41657351927852065,0.24822049680220176,0.19352495716447063,0.14168102675480676
2024-01-05,0.31725400837622086,0.31733038784759965,0.2794824118397211,0.08593319193645843
2024-01-12,0.4637870365525154,0.23506778806162562,0.16108536464191978,0.1400598107439392
2024-01-19,0.44855909165472274,0.2623035703244044,0.17282125469052914,0.11631608333034385
2024-01-26,0.4449990873669377,0.27783982429932835,0.18158963898109262,0.09557144935264138
2024-02-02,0.48885968518548595,0.2165164298753922,0.14077203921157436,0.15385184572754743
2024-02-09,0.5756015037615343,0.1412824077804723,0.05942557873940567,0.22369050971858767
2024-02-16,0.3650062330380742,0.2962098471832062,0.24464029049575198,0.09414362928296764
2024-02-23,0.19798007201443107,0.35600907874014187,0.34812119247546525,0.09788965676996172
2024-03-01,0.1385875668943378,0.18966749626429197,0.26454234745827115,0.4072025893830991
2024-03-08,0.09324177882222995,0.2699854215478337,0.34096749720711056,0.2958053024228257
2024-03-15,0.007683727160906942,0.13871433818324577,0.2938836799036089,0.5597182547522384
2024-03-22,0.2559486395969539,0.3195132395654262,0.3006304272700856,0.12390769356753437
2024-03-29,0.43995099187907427,0.22945016473858976,0.16176016590877218,0.16883867747356376
2024-04-05,0.5124492388660165,0.18729513749533236,0.10864121301661031,0.1916144106220409
2024-04-12,0.47481182659261134,0.23160491046321663,0.15247365170551147,0.1411096112386605
2024-04-19,0.36048884903260003,0.21650161275861338,0.18596268918682074,0.23704684902196585
2024-04-26,0.018320157697336525,0.1436213581018836,0.29120424934727185,0.5468542348535081
2024-05-03,0.07684417687252972,0.1426650966669326,0.2665090194868715,0.5139817069736662
2024-05-10,0.4149581264286642,0.13681233401403245,0.12367257022051212,0.32455696933679135
2024-05-17,0.3232691979883811,0.3138985518029636,0.2735249756734699,0.08930727453518535
2024-05-24,0.2858988339616534,0.12402781754704742,0.17070234606788692,0.4193710024234123
2024-05-31,0.5122049861073598,0.19515357766740707,0.11319274750839983,0.1794486887168333
2024-06-07,0.5498803836391322,0.17839588708041446,0.08941252379727929,0.18231120548317406
2024-06-14,0.24203782127480597,0.37658747636889184,0.341477106569053,0.03989759578724919
2024-06-21,0.22158548773995548,0.3850984811661147,0.35810677936471963,0.03520925172921009
2024-06-28,0.37972245040925695,0.3143837655762258,0.2272350641079736,0.07865871990654358
2024-07-05,0.4867988914042016,0.23249484159214578,0.14520672114129704,0.13549954586235555
2024-07-12,0.49038181791976204,0.202872734300302,0.1310254904675918,0.17571995731234416
2024-07-19,0.5650486833348553,0.1556504020218879,0.07113695153797656,0.20816396310528035
2024-07-26,0.5171157142042138,0.21124019725576454,0.1287242716829897,0.14291981685703212
2024-08-02,0.5401536237464069,0.22146313583656124,0.11507789596406647,0.12330534445296545
2024-08-09,0.6287233975639616,0.12120212676226771,0.027426503441796674,0.22264797223197408
2024-08-16,0.6120332084760736,0.15730091442163066,0.05423743439496104,0.1764284427073347
2024-08-23,0.5949410039630337,0.12480255109457918,0.04320217072203819,0.23705427422034897
2024-08-30,0.52113667558728,0.17720136000394332,0.1031869784463989,0.1984749859623777
2024-09-06,0.46975532963416405,0.2107398155552304,0.14866045315705695,0.1708444016535486
2024-09-13,0.4330309184689916,0.25214212405646663,0.18867547574813373,0.12615148172640797
2024-09-20,0.44940347318674356,0.24639798606516455,0.17756509462450062,0.1266334461235914
2024-09-27,0.4019890630393916,0.27338728802480017,0.21698622075283092,0.10763742818297727
2024-10-04,0.520670062755045,0.20482502448832648,0.11441544933539881,0.1600894634212297
2024-10-11,0.4295564912181377,0.2603533830813758,0.17925567883914018,0.13083444686134632
2024-10-18,0.4630525899225402,0.22993091896473444,0.15308902661063858,0.1539274645020867
2024-10-25,0.3779915523038727,0.32422107993418464,0.23322783169315572,0.06455953606878682
2024-11-01,0.3913879964968021,0.24254170462229688,0.18640474867234907,0.17966555020855193
2024-11-08,0.4809127099409921,0.22433254938847436,0.14566589556328013,0.14908884510725348
2024-11-15,0.4316027220517478,0.26389182658148697,0.18985051410438733,0.11465493726237784
2024-11-22,0.45344143541049214,0.26865688363109913,0.17368371125169213,0.1042179697067166
2024-11-29,0.27259980002003625,0.3609676624351887,0.3241868920478653,0.042245645496909776
2024-12-06,0.28891889233152823,0.35555923221217633,0.3124400982724941,0.04308177718380133
2024-12-13,0.24200928304413577,0.37899455287508094,0.34765316239921695,0.031343001681566306
2024-12-20,0.38816179417375235,0.2673595408280475,0.21352454747018448,0.1309541175280157
2024-12-27,0.37425701196213107,0.3245600364022235,0.2399767126285,0.06120623900714543
2025-01-03,0.47458270973507044,0.2542549027217814,0.15780477985666397,0.11335760768648417
2025-01-10,0.44721790244588083,0.25821220515766996,0.17993664490552358,0.1146332474909257
2025-01-17,0.4931283052604934,0.23493807515201912,0.14526806840171422,0.1266655511857733
2025-01-24,0.5722697733851145,0.17048873455521205,0.07616493080440369,0.18107656125526958
2025-01-31,0.4081659193663409,0.2724894281454262,0.21265222523132182,0.10669242725691105
2025-02-07,0.3734758033092192,0.29154254741085456,0.2397359489689804,0.09524570031094576
2025-02-14,0.25386650182290227,0.35408941458999865,0.32844006663362063,0.06360401695347837
2025-02-21,0.26080712827262553,0.3620927370405542,0.3308052139743459,0.04629492071247431
2025-02-28,0.5456239448552459,0.17285870935354353,0.09256144201346246,0.1889559037777481
2025-03-07,0.07219648094792719,0.15426910007463773,0.2742466692162472,0.4992877497611879
2025-03-14,0.1059197895896152,0.167827595426523,0.26715132823216425,0.45910128675169753
2025-03-21,0.23357957415419145,0.2795030367508251,0.2801207921801007,0.20679659691488272
2025-03-28,0.20670883239856636,0.3152875896463548,0.31759131544676783,0.16041226250831103
2025-04-04,0.06611679064558326,0.15940680271796479,0.27929953092132687,0.49517687571512514
2025-04-11,4.1841317727272404e-05,0.13017794913715286,0.2920623506727181,0.5777178588724018
2025-04-18,0.026758565464291343,0.13535703488915132,0.28358998044346284,0.5542944192030945
2025-04-25,0.09244482497702103,0.14253214996300176,0.26001254721731404,0.5050104778426633
2025-05-02,0.40684462630384577,0.16806568180741174,0.14280985969384705,0.2822798321948955
2025-05-09,0.48752988649912304,0.19109094804943286,0.12763808250429737,0.1937410829471468
2025-05-16,0.37656919370751796,0.29433233464039193,0.23815400618243818,0.09094446546965196
2025-05-23,0.40506593681675357,0.2697302402612019,0.21146694456160242,0.11373687836044197
2025-05-30,0.3150978522834205,0.32500484012054615,0.28332080301706747,0.07657650457896595
2025-06-06,0.275268923847466,0.35190837256451896,0.31779218575776363,0.05503051783025136
2025-06-13,0.2717506365288691,0.31706241730825313,0.29428194015802006,0.11690500600485768
2025-06-20,0.23479015646898677,0.3839195868794757,0.34307354365188425,0.03821671299965341
2025-06-27,0.18382564580781308,0.3922065626478878,0.3804283798552616,0.0435394116890375
2025-07-04,0.18728103539194801,0.38717246633937186,0.3765489103643588,0.04899758790432146
2025-07-11,0.3129540827750648,0.3332896894104487,0.28135913309194993,0.07239709472253669
2025-07-18,0.250668364962212,0.36996181182080284,0.3376480194540602,0.041721803762924864
2025-07-25,0.24587925992105586,0.374494099062142,0.3414705442501386,0.038156096766663594
2025-08-01,0.2967356386549642,0.3470441921066749,0.3038078800528979,0.052412289185462965
2025-08-08,0.3379478506239192,0.31716319449490576,0.26918570981867407,0.07570324506250095
2025-08-15,0.3347727433048251,0.3183999199773818,0.27270506629307506,0.07412227042471803
2025-08-22,0.3323691903209908,0.32124330730957923,0.2752467515893185,0.07114075078011135
2025-08-29,0.3021816680004122,0.3211394464635819,0.2870530722628059,0.08962581327320007
2025-09-05,0.3183184174516118,0.32885578848079305,0.2853120341193291,0.0675137599482659
2025-09-12,0.33494668590562615,0.31708019234784607,0.27150183418327656,0.07647128756325118
2025-09-19,0.3448993123170908,0.31145877033375224,0.26372324762620153,0.07991866972295537
2025-09-26,0.4888203609783967,0.22323786268639245,0.14129915665545953,0.1466426196797512
2025-10-03,0.34565219045727424,0.3109508066077812,0.2633187100502249,0.08007829288471964
2025-10-10,0.5211816151576146,0.19859081381852114,0.11491873124371944,0.1653088397801447
2025-10-17,0.4816721590923865,0.219067790939181,0.14452668105025832,0.15473336891817416
2025-10-24,0.406080794045346,0.26918948531007336,0.208933374368738,0.11579634627584263
2025-10-31,0.37765283617551076,0.29183768760565443,0.23315631343995377,0.09735316277888094
2025-11-07,0.38669976246092724,0.28676238707044593,0.2291967839224339,0.09734106654619297
2025-11-14,0.3517780812617229,0.30773087488518286,0.25467630007890685,0.08581474377418748
2025-11-21,0.39640025856199623,0.2430135872358708,0.18631399080544966,0.17427216339668322
2025-11-28,0.375227526470927,0.29027226243600557,0.23612724597181972,0.09837296512124771
2025-12-05,0.37146500786772824,0.28602144116323414,0.23667572803113082,0.10583782293790683
2025-12-12,0.3677046761113863,0.28547472596337625,0.2381797970516599,0.10864080087357769
2025-12-19,0.3154148346207463,0.3167787466424654,0.2793705469309862,0.08843587180580204
2025-12-26,0.2840013603008928,0.33269957590141136,0.30331572245805316,0.07998334133964266
2026-01-02,0.4545708775892589,0.22820285834189016,0.16278777703330224,0.15443848703554872
2026-01-09,0.33418123490751256,0.31691602507629396,0.271504623940698,0.07739811607549554
2026-01-16,0.31477934135985014,0.3307737500462433,0.288781223668305,0.06566568492560143
2026-01-23,0.3360550454155824,0.3178395569254353,0.2715449965792416,0.07456040107974075
2026-01-30,0.3656103292738166,0.2880900844600841,0.24115038813354212,0.10514919813255712
2026-02-06,0.4240719978959133,0.2460778742660453,0.1893153946384461,0.1405347331995952
2026-02-13,0.45086151069362274,0.23263626759400954,0.170660920884311,0.14584130082805674
2026-02-20,0.4662434921906,0.23396445463703877,0.16353358316775818,0.136258470004603
2026-02-27,0.48148311934174665,0.22418328593998205,0.1494315711203337,0.14490202359793766
2026-03-06,0.2403909931719495,0.2955084580795039,0.2751060440565626,0.1889945046919842
2026-03-13,0.11066656690009777,0.2112270338897712,0.28693922070988365,0.39116717850024735
2026-03-20,0.23268541580483312,0.31860359643355496,0.29434853372057235,0.15436245404103952
2026-03-27,0.13004954699719143,0.22656691154199976,0.2865461776150719,0.3568373638457369
2026-04-03,0.24777698228100842,0.3235130428711479,0.2901183088278968,0.13859166601994688
2026-04-10,0.21662073047931954,0.34980079524623314,0.3273445860653564,0.10623388820909084
2026-04-17,0.22021015404397726,0.38132857853728663,0.35696744380575407,0.04149382361298201
2026-04-24,0.20916042436359292,0.38648451610234386,0.3606342716997565,0.04372078783430675
2026-05-01,0.19833963541405447,0.37495132073288345,0.35854788441234686,0.06816115944071527
2026-05-08,0.21366283869339525,0.3961315201640123,0.364130123055352,0.026075518087240446
2026-05-15,0.24552219144899795,0.3838245027824662,0.34225621581053667,0.02839708995799925
2026-05-22,0.2476227366762856,0.3728507070129945,0.3361626171575203,0.043363939153199554
2026-05-29,0.49893535549594187,0.21093852395896845,0.13084161997383406,0.15928450057125568
2026-06-05,0.523726964824804,0.20068516214533777,0.11561218961530136,0.15997568341455695
2026-06-12,0.5857472992074304,0.14900499739157336,0.05925068327659378,0.2059970201244025
2026-06-19,0.47067414847159744,0.22587513110339813,0.15412814180944243,0.14932257861556206
2026-06-26,0.3288474395803235,0.3223756821175443,0.2722662043846942,0.076510673917438
2026-07-03,0.2907134848460234,0.33628817813961215,0.3009057566508828,0.07209258036348168
2026-07-10,0.4852865075379426,0.225538135611258,0.15017373357608918,0.1390016232747102
2026-07-17,0.360298863811033,0.29824731619791145,0.24897758507949994,0.09247623491155559
2026-07-24,0.38317606310640234,0.2875215725215904,0.2316030960730395,0.09769926829896768
2026-07-31,0.4076602717371033,0.27111263800032603,0.21262969777574448,0.10859739248682625
2026-08-07,0.3898681802428396,0.27150068135921557,0.22074662423893932,0.11788451415900554
2026-08-14,0.35943371063620855,0.30079797665336677,0.2521768418984777,0.08759147081194704
